Workbook

Sheet INDEX
B3: S.NO. | C3: GOVT. DEPT. | I3: ItemCode | J3: ItemName | K3: Net Weight KG
B4: 1 | C4: IBIX | D4: with ALL COLOURS | F4: White | I4: 1216 D | J4: S.S. SINK S/B SOLITAIRE 16*18*8 | K4: 2.62 | P4: STANDARD | Q4: STANDARD
B5: 2 | C5: ROMAN | F5: Ivory | I5: 1216 D MATT | J5: S.S. SINK S/B SOLITAIRE 16*18*8 MATT | K5: 2.62 | P5: DIAMOND | Q5: ROYAL
B6: 3 | C6: GRAND | F6: Blue | I6: 1217 D | J6: S.S.SINK S/B SOLITAIRE 18*18*8. | K6: 2.72 | P6: FLORA | Q6: ROYAL
B7: 4 | C7: VITRO | D7: with ALL COLOURS | F7: O Blue | I7: 1218 D | J7: S.S.SINK S/B SOLITAIRE 17*20*8 | K7: 2.88 | P7: COBRA | Q7: HI-FLO PRIME
B8: 5 | C8: BLACK PEARL | F8: Green | I8: 1218 D MATT | J8: S.S.SINK S/B SOLITAIRE 17X20X8 (MATT) | K8: 2.88 | P8: BLACK PEARL | Q8: REGAL
F9: M Green | I9: 1220 D | J9: S.S.SINK S/B SOLITAIRE 18*21*8 | K9: 2.98 | P9: GRAND | Q9: FANCY
F10: Pink | I10: 1220 D MATT | J10: S.S.SINK S/B SOLITAIRE 18x21x8 | K10: 2.98 | P10: NOVO | Q10: EDGE
F11: Burgundy | I11: 1222 D | J11: S.S.SINK S/B SOLITAIRE 22*18*8 | K11: 3.2 | P11: LAGOONA | Q11: SUPERB
I12: 1222 D MATT | J12: S.S.SINK S/B SOLITAIRE 22X18X8 | K12: 3.2 | P12: DELTA | Q12: CURVE
B13: 3 IN 1 | C13: FF | D13: TALL | I13: 1223 D | J13: S.S.SINK S/B SOLITAIRE 21*17*8 | K13: 2.98
B14: EROSA | C14: EROSA | F14: 3 in 1 Wall Mixer Telephonic with Crutch & Wall Flange (Hand Shower with 1.5 Mtr PVC Tube)
B15: NOVO | F15: 3 in 1 Wall Mixer Telephonic with Crutch & Wall Flange (Provision For Hand Shower) | I15: 1223-DM | J15: S.S.SINK S/B SOLITAIRE 21*17*8 (MATT) | K15: 2.98
B16: ULTRA | F16: 2 in 1 Telephonic Wall Mixer with Crutch & Flange (Hand Shower with 1.5 Mtr PVC Tube) | I16: 1224 D | J16: S.S.SINK S/B SOLITAIRE 24*18*8 | K16: 3.52
B17: OVIAN | I17: 1224 SD | J17: S.S. SINK 24*18*10 S/B | K17: 3.52
B18: LAGOONA | I18: 1224 SDMAT | J18: S.S. SINK 24*18*10 S/B MATT | K18: 3.52
B19: HELIX | C19: HELIX | I19: 1224 XD | J19: S.S.SINK S/B SOLITAIRE 24*18*9 | K19: 3.72
B20: SAPPHIRE | C20: SAPPHIRE | I20: 1224 XD MATT | J20: S.S.SINK S/B SOLITAIRE 24*18*9 (MATT) | K20: 3.72
B21: B SAPPHIRE | C21: B SAPPHIRE | I21: 1225 D | J21: S.S.SINK S/B SOLITAIRE 24*20*8 | K21: 3.9
B22: STD. (OLD) | C22: STD. (OLD) | I22: 1225 D MATT | J22: S.S.SINK S/B SOLITAIRE 24*20*8 MATT | K22: 3.9
B23: STD. | C23: STD. | I23: 1226 D | J23: S.S.SINK S/B SOLITAIRE 24*24*8 | K23: 4.1
B24: CRYSTAL | C24: CRYSTAL | I24: 1226 D MATT | J24: S.S.SINK S/B SOLITAIRE 24*24*8 (MATT) | K24: 4.1
B25: COBRA | C25: COBRA | I25: 1230 D | J25: S.S SINK S/B+D/B BRONZE 32*20*8 | K25: 3.84
B26: DIAMOND | C26: DIAMOND | I26: 1230 D MATT | J26: S.S SINK S/B+D/B BRONZE 32*20*8 (MATT) | K26: 3.84
B27: IBIX
C28: VITRO | I28: 1232 DMAT | J28: S.S.SINK D/B SOLITAIRE 32*20*8 MATT | K28: 5.85
B29: FLORA | C29: FLORA | I29: 1239 D | J29: S.S. SINK S/B SOLITAIRE 36*18*8 | K29: 4.16
B30: ASTRA | C30: ASTRA | I30: 1239 D MATT | J30: S.S. SINK S/B SOLITAIRE 36*18*8 matt | K30: 4.16
B31: APEX | C31: APEX | I31: 1240 D | J31: S.S.SINK S/B SOLITAIRE 37*18*8 | K31: 4.26
B32: EBON | C32: EBON | I32: 1240-D MATT | J32: S.S.SINK S/B SOLITAIRE matt 37*18*8 | K32: 4.26
B33: BLACK PEARL | C33: BLACK PEARL | I33: 1242 D | J33: S.S.SINK D/B SOLITAIRE 37*18*8 | K33: 5.36
B34: GRAND | C34: GRAND | I34: 1242 D MATT | J34: S.S.SINK D/B SOLITAIRE 37*18*8 MATT | K34: 5.36
B35: ROMAN | I35: 1244 D | J35: S.S.SINK S/B SOLITAIRE 41*20*8 | K35: 5
B36: QUADRA | D36: QUADRA | I36: 1244 D MATT | J36: S.S.SINK S/B SOLITAIRE 41*20*8 (MATT) | K36: 5
B37: DELTA | D37: DELTA | I37: 1250 D | J37: S.S.SINK D/B SOLITAIRE 45*20*8 | K37: 6.82
I38: 1250 D MATT | J38: S.S.SINK D/B SOLITAIRE 45*20*8 (MATT) | K38: 6.82
I39: 1250 SD | J39: S.S.SINK D/B SOLITAIRE 45*20*10 | K39: 7.24
I40: 1250 SD MATT | J40: S.S.SINK D/B SOLITAIRE 45X20X10 | K40: 7.24
I41: 1250 XD | J41: S.S.SINK D/B 45*20*9 (ISI) | K41: 7.24
I42: 1250 XD MATT | J42: S.S.SINK D/B 45*20*9 (ISI) MAT | K42: 7.24
I43: 1252 D | J43: S.S.SINK DRAIN/BOARD 45*20*8 | K43: 5.36
I44: 1252 D MATT | J44: S.S.SINK DRAIN/BOARD SOLITAIRE 45*20*8 M | K44: 5.36
I45: 1316 D | J45: S.S.SINK 18*16*8 (204) | K45: 2.62
I46: 1318 D | J46: S.S.SINK S/B 20*17*8 | K46: 2.88
I47: 1324 D | J47: S.S.SINK 24*18*8 (204) | K47: 3.52
I48: 1324-D | J48: S S SINK S/B 24X18X8 (304) | K48: 3.52
I49: 1324-XD | J49: S.S.SINK S/B 24*18*9(304) | K49: 3.72
... I85: 911D MATT | J85: S.S.SINK S/B BRONZE 18*18*8 MATT | K85: 2.88
I86: 916 | J86: S.S.SINK S/B BRONZE 16*18*7 | K86: 2.94
I87: 916 MATT | J87: S.S.SINK S/B BRONZE 16*18*7 MATT | K87: 2.84
I88: 916 D | J88: S.S.SINK S/B BRONZE 16*18*8 | K88: 2.84
I89: 916 D MAT | J89: S.S.SINK S/B BRONZE 16*18*8 MATT | K89: 2.84
I90: 917 | J90: S.S.SINK S/B BRONZE 18*18*7. | K90: 2.5
I91: 918 D | J91: S.S.SINK S/B BRONZE 17*20*8 | K91: 3.16
I92: 918 D MATT | J92: S.S.SINK S/B BRONZE 17*20*8 MATT | K92: 3.16
I93: 920 D | J93: S.S.SINK S/B BRONZE 18*21*8 | K93: 3.26
I94: 920 D MATT | J94: S.S.SINK S/B BRONZE 18*21*8 MATT | K94: 3.26
I95: 922 D | J95: S.S.SINK S/B BRONZE 18*22*8 | K95: 3.46
I96: 922 D MATT | J96: S.S.SINK S/B BRONZE 18*22*8 MATT | K96: 3.46
I97: 923D | J97: S.S SINK S/B 21*17*8 | K97: 3.38
I98: 924 D | J98: S.S.SINK S/B BRONZE 24*18*8 | K98: 3.82
I99: 924 D MATT | J99: S.S.SINK S/B BRONZE 24*18*8 MATT | K99: 3.82
I100: 924 SD | J100: S.S.SINK S/B BRONZE 24*18*10, | K100: 3.92
I101: 924 SD MATT | J101: S.S.SINK S/B BRONZE 24*18*10,MATT | K101: 3.92
I102: 924 XD | J102: S.S.SINK S/B BRONZE 24*18*9 | K102: 4.18
... I258: PFT-31 | J258: FLOOR TRAP - 5 INCH (127MM) WITH WASTE HOLE | K258: 0.09

Sheet Points
B1: * Prayag | C1: * Pearl
B2: Quadra Series | C2: Edge
B3: Diamond Series | C3: Royal
B4: STANDARD Series Old Handle | C4: Standard
B5: STANDARD Series | C5: Standard
B6: Cobra Series | C6: Eva
B7: Vitro Series | C7: Royal Plus
B8: Black Pearl | C8: Regal
B10: 45833
B11: Black Sapphire | C11: Crystal
C12: Cobra
C13: Helix
B14: Standard (Old Handle) | C14: Standard (New Handle)
C15: Diamond
B16: Flora | C16: Astra
C17: Apex
C18: Ebon
C19: Black Pearl
B20: Delta | C20: 1.3 of Quadra
B21: Ibix | C21: 1.3 of Ovian
B22: Grand | C22: 1.3 of Standard
B23: Roman | C23: 1.3 of Helix
B24: Astra | C24: This New Range Introduced of Same Ryan Range in Fern
B25: Apex | C25: This New Range Introduced of Same Stella Range in Fern

Sheet MASTER
A1: TYPE | B1: SERIES | C1: CAT No. | D1: NAME | E1: OLD MRP | F1: NEW MRP | G1: PACKING | AB1: MRP | AC1: Customised | AD1: correct | AE1: unique
A2: PTMT | B2: Allied | C2: CNS-15 | D2: Concealed Stop Cock Suitable For 15mm Pipe Line with 1/2" Spindle | E2: {=Allied!E3:F4} -> 860 | F2: 1020
A3: PTMT | B3: Allied | C3: CNS-20 | D3: Concealed Stop Cock Suitable For 20mm Pipe Line with 1/2" Spindle | E3: 900 | F3: 1060
A4: PTMT | B4: Quadra | C4: PQ-18 | D4: Concealed Stop Cock (Handle, Sleeve & Flange Only) | E4: {=VLOOKUP(C4,Allied!$C$6:$F1832,{3,4},0)} -> 330 | F4: 360
A5: PTMT | B5: Quadra | C5: 146-Q | D5: Concealed Stop Cock Spindle 15mm & Body 15mm | E5: {=VLOOKUP(C5,Allied!$C$6:$F1832,{3,4},0)} -> 1190 | F5: 1290
A6: PTMT | B6: Quadra | C6: 148-Q | D6: Concealed Stop Cock Spindle 20mm & Body 20mm | E6: {=VLOOKUP(C6,Allied!$C$6:$F1832,{3,4},0)} -> 1230 | F6: 1330
A7: PTMT | B7: Delta | C7: PD-18 | D7: Concealed Stop Cock (Handle, Sleeve & Flange Only) | E7: {=VLOOKUP(C7,Allied!$C$6:$F1832,{3,4},0)} -> 330 | F7: 360
A8: PTMT | B8: Delta | C8: 146-D | D8: Concealed Stop Cock Spindle 15mm & Body 15mm | E8: {=VLOOKUP(C8,Allied!$C$6:$F1832,{3,4},0)} -> 1190 | F8: 1290
A9: PTMT | B9: Delta | C9: 148-D | D9: Concealed Stop Cock Spindle 20mm & Body 20mm | E9: {=VLOOKUP(C9,Allied!$C$6:$F1832,{3,4},0)} -> 1230 | F9: 1330
A10: PTMT | B10: Ibix | C10: PI-18 | D10: Concealed Stop Cock (Handle, Sleeve & Flange Only) | E10: {=VLOOKUP(C10,Allied!$C$6:$F1832,{3,4},0)} -> 330 | F10: 360
A11: PTMT | B11: Ibix | C11: 146-I | D11: Concealed Stop Cock Spindle 15mm & Body 15mm | E11: {=VLOOKUP(C11,Allied!$C$6:$F1832,{3,4},0)} -> 1190 | F11: 1290
A12: PTMT | B12: Ibix | C12: 148-I | D12: Concealed Stop Cock Spindle 20mm & Body 20mm | E12: {=VLOOKUP(C12,Allied!$C$6:$F1832,{3,4},0)} -> 1230 | F12: 1330
A13: PTMT | B13: Ovian | C13: PR-18 | D13: Concealed Stop Cock (Handle, Sleeve & Flange Only) | E13: {=VLOOKUP(C13,Allied!$C$6:$F1832,{3,4},0)} -> 330 | F13: 360
A14: PTMT | B14: Ovian | C14: 146-R | D14: Concealed Stop Cock Spindle 15mm & Body 15mm | E14: {=VLOOKUP(C14,Allied!$C$6:$F1832,{3,4},0)} -> 1190 | F14: 1290
A15: PTMT | B15: Ovian | C15: 148-R | D15: Concealed Stop Cock Spindle 20mm & Body 20mm | E15: {=VLOOKUP(C15,Allied!$C$6:$F1832,{3,4},0)} -> 1230 | F15: 1330
A16: PTMT | B16: Novo | C16: 123-NN | D16: Bib Cock Fancy 15mm (Foam Flow) with Flange | E16: {=VLOOKUP(C16,'NEW PTMT'!$B$4:$E1832,{3,4},0)} -> 298 | F16: 322 | G16: 54 | Z16: =B16&AC16 -> Novo123 | AA16: =B16&AD16 -> NovoBib Cock Fancy with Flange | AB16: =F16 -> 322 | AC16: 123 | AD16: Bib Cock Fancy with Flange | AE16: {=SORT(UNIQUE(AD16:AD1832),1,1)} -> 2 in 1 Telephonic Wall Mixer
A17: PTMT | B17: Novo | C17: 124-N | D17: Bib Cock Long Body 15mm (Foam Flow) with Flange | E17: {=VLOOKUP(C17,'NEW PTMT'!$B$4:$E1832,{3,4},0)} -> 362 | F17: 392 | G17: 33 | Z17: =B17&AC17 -> Novo124 | AA17: =B17&AD17 -> NovoBib Cock Long Body with Flange | AB17: =F17 -> 392 | AC17: 124 | AD17: Bib Cock Long Body with Flange | AE17: 2 Way Angle Cock with Flange
A18: PTMT | B18: Novo | C18: 127-N | D18: Bib Cock Nozzle with Flange | E18: {=VLOOKUP(C18,'NEW PTMT'!$B$4:$E1832,{3,4},0)} -> 332 | F18: 358 | G18: 33 | Z18: =B18&AC18 -> Novo127 | AA18: =B18&AD18 -> NovoBib Cock Nozzle with Flange | AB18: =F18 -> 358 | AC18: 127 | AD18: Bib Cock Nozzle with Flange | AE18: 2 Way Bib Cock with Flange
A19: PTMT | B19: Novo | C19: 129-N | D19: 2 Way Bib Cock Foam Flow with Flange | E19: {=VLOOKUP(C19,'NEW PTMT'!$B$4:$E1832,{3,4},0)} -> 572 | F19: 618 | G19: 28 | Z19: =B19&AC19 -> Novo129 | AA19: =B19&AD19 -> Novo2 Way Bib Cock with Flange | AB19: =F19 -> 618 | AC19: 129 | AD19: 2 Way Bib Cock with Flange | AE19: Angle Cock with Flange
A20: PTMT | B20: Novo | C20: 130-N | D20: Pillar Cock Foam Flow with Flange | E20: {=VLOOKUP(C20,'NEW PTMT'!$B$4:$E1832,{3,4},0)} -> 432 | F20: 468 | G20: 30 | Z20: =B20&AC20 -> Novo130 | AA20: =B20&AD20 -> NovoPillar Cock with Flange | AB20: =F20 -> 468 | AC20: 130 | AD20: Pillar Cock with Flange | AE20: Bib Cock (Foam Flow) with Flange
A21: PTMT | B21: Novo | C21: 132-N | D21: Sink Cock (W/M) Foam Flow with Flange | E21: {=VLOOKUP(C21,'NEW PTMT'!$B$4:$E1832,{3,4},0)} -> 658 | F21: 712 | G21: 13 | Z21: =B21&AC21 -> Novo132 | AA21: =B21&AD21 -> NovoSink Cock (W/M) with Flange | AB21: =F21 -> 712 | AC21: 132 | AD21: Sink Cock (W/M) with Flange | AE21: Bib Cock Fancy (Foam Flow) with Flange
A22: PTMT | B22: Novo | C22: 1322-N | D22: Sink Cock Swan Neck (W/M) Small Spout Foam Flow with Flange | E22: {=VLOOKUP(C22,'NEW PTMT'!$B$4:$E1832,{3,4},0)} -> 632 | F22: 684 | G22: 30 | Z22: =B22&AC22 -> Novo1322 | AA22: =B22&AD22 -> NovoSink Cock Small Spout (W/M) with Flange | AB22: =F22 -> 684 | AC22: 1322 | AD22: Sink Cock Small Spout (W/M) with Flange | AE22: Bib Cock Fancy (Foam Flow) with New Flange & Nipple
A23: PTMT | B23: Novo | C23: 133-N | D23: Sink Cock Swan Neck (T/M) Long Spout Foam Flow with Flange | E23: {=VLOOKUP(C23,'NEW PTMT'!$B$4:$E1832,{3,4},0)} -> 698.0064 | F23: 754 | G23: 13 | Z23: =B23&AC23 -> Novo133 | AA23: =B23&AD23 -> NovoSink Cock Long Spout (T/M) with Flange | AB23: =F23 -> 754 | AC23: 133 | AD23: Sink Cock Long Spout (T/M) with Flange | AE23: Bib Cock Fancy with Flange
A24: PTMT | B24: Novo | C24: 134-N | D24: Sink Mixer Foam Flow with Flange | E24: {=VLOOKUP(C24,'NEW PTMT'!$B$4:$E1832,{3,4},0)} -> 1572 | F24: 1698 | G24: 13 | Z24: =B24&AC24 -> Novo134 | AA24: =B24&AD24 -> NovoSink Mixer with Flange | AB24: =F24 -> 1698 | AC24: 134 | AD24: Sink Mixer with Flange | AE24: Bib Cock Fancy with New Flange & Nipple
A25: PTMT | B25: Novo | C25: 135-N | D25: Wall Mixer Foam Flow with Flange | E25: {=VLOOKUP(C25,'NEW PTMT'!$B$4:$E1832,{3,4},0)} -> 1527.552 | F25: 1648 | G25: 13 | Z25: =B25&AC25 -> Novo135 | AA25: =B25&AD25 -> NovoWall Mixer with Flange | AB25: =F25 -> 1648 | AC25: 135 | AD25: Wall Mixer with Flange | AE25: Bib Cock Long Body (Foam Flow) with Flange
A26: PTMT | B26: Novo | C26: 1374-N | D26: 2 in 1 Telephonic Wall Mixer with Crutch & Hand Shower with 1.5 Mtr Tube | E26: {=VLOOKUP(C26,'NEW PTMT'!$B$4:$E1832,{3,4},0)} -> 2092 | F26: 2258 | Z26: =B26&AC26 -> Novo1374 | AA26: =B26&AD26 -> Novo2 in 1 Telephonic Wall Mixer | AB26: =F26 -> 2258 | AC26: 1374 | AD26: 2 in 1 Telephonic Wall Mixer | AE26: Bib Cock Long Body Foam Flow with Flange
A27: PTMT | B27: Novo | C27: 1375-N | D27: Wall Mixer L Bend Foam Flow with Flange | E27: {=VLOOKUP(C27,'NEW PTMT'!$B$4:$E1832,{3,4},0)} -> 1784 | F27: 1928 | G27: 6 | Z27: =B27&AC27 -> Novo1375 | AA27: =B27&AD27 -> NovoWall Mixer L Bend with Flange | AB27: =F27 -> 1928 | AC27: 1375 | AD27: Wall Mixer L Bend with Flange | AE27: Bib Cock Long Body with Flange
A28: PTMT | B28: Novo | C28: 144-N | D28: Angle Cock with Flange | E28: {=VLOOKUP(C28,'NEW PTMT'!$B$4:$E1832,{3,4},0)} -> 272 | F28: 294 | G28: 66 | Z28: =B28&AC28 -> Novo144 | AA28: =B28&AD28 -> NovoAngle Cock with Flange | AB28: =F28 -> 294 | AC28: 144 | AD28: Angle Cock with Flange | AE28: Bib Cock Nozzle with Flange
A29: PTMT | B29: Novo | C29: 145-N | D29: 2 Way Angle Cock Foam Flow with Flange | E29: {=VLOOKUP(C29,'NEW PTMT'!$B$4:$E1832,{3,4},0)} -> 507.96 | F29: 548 | G29: 35 | Z29: =B29&AC29 -> Novo145 | AA29: =B29&AD29 -> Novo2 Way Angle Cock with Flange | AB29: =F29 -> 548 | AC29: 145 | AD29: 2 Way Angle Cock with Flange | AE29: Bib Cock Standard (Female) with Flange
A30: PTMT | B30: Novo | C30: 147-N | D30: Pillar Cock Swan Neck Square Spout Foam Flow with Flange | E30: {=VLOOKUP(C30,'NEW PTMT'!$B$4:$E1832,{3,4},0)} -> 711.96 | F30: 768 | G30: 30 | Z30: =B30&AC30 -> Novo147 | AA30: =B30&AD30 -> NovoPillar Cock Swan Neck (T/M) with Flange | AB30: =F30 -> 768 | AC30: 147 | AD30: Pillar Cock Swan Neck (T/M) with Flange | AE30: Bib Cock Standard 20mm with Flange
A31: PTMT | B31: Ultra | C31: 123-U | D31: Bib Cock Fancy 15mm (Foam Flow) with Flange | E31: {=VLOOKUP(C31,'NEW PTMT'!$B$4:$E1832,{3,4},0)} -> 395.76 | F31: 426 | G31: 33 | Z31: =B31&AC31 -> Ultra123 | AA31: =B31&AD31 -> UltraBib Cock Fancy with Flange | AB31: =F31 -> 426 | AC31: 123 | AD31: Bib Cock Fancy with Flange | AE31: Bib Cock with Flange
A32: PTMT | B32: Ultra | C32: 124-U | D32: Bib Cock Long Body 15mm (Foam Flow) with Flange | E32: {=VLOOKUP(C32,'NEW PTMT'!$B$4:$E1832,{3,4},0)} -> 485.8464 | F32: 526 | G32: 33 | Z32: =B32&AC32 -> Ultra124 | AA32: =B32&AD32 -> UltraBib Cock Long Body with Flange | AB32: =F32 -> 526 | AC32: 124 | AD32: Bib Cock Long Body with Flange | AE32: Center Hole Basin Mixer
A33: PTMT | B33: Ultra | C33: 127-U | D33: Bib Cock Nozzle with Flange | E33: {=VLOOKUP(C33,'NEW PTMT'!$B$4:$E1832,{3,4},0)} -> 422.1984 | F33: 456 | G33: 33 | Z33: =B33&AC33 -> Ultra127 | AA33: =B33&AD33 -> UltraBib Cock Nozzle with Flange | AB33: =F33 -> 456 | AC33: 127 | AD33: Bib Cock Nozzle with Flange | AE33: Concealed Stop Cock 15mm
A34: PTMT | B34: Ultra | C34: 129-U | D34: 2 Way Bib Cock (Foam Flow) with Flange | E34: {=VLOOKUP(C34,'NEW PTMT'!$B$4:$E1832,{3,4},0)} -> 732 | F34: 792 | G34: 24 | Z34: =B34&AC34 -> Ultra129 | AA34: =B34&AD34 -> Ultra2 Way Bib Cock with Flange | AB34: =F34 -> 792 | AC34: 129 | AD34: 2 Way Bib Cock with Flange | AE34: Concealed Stop Cock 15mm with Brass Body
A35: PTMT | B35: Ultra | C35: 130-U | D35: Pillar Cock (Foam Flow) with Flange | E35: {=VLOOKUP(C35,'NEW PTMT'!$B$4:$E1832,{3,4},0)} -> 497.76 | F35: 538 | G35: 30 | Z35: =B35&AC35 -> Ultra130 | AA35: =B35&AD35 -> UltraPillar Cock with Flange | AB35: =F35 -> 538 | AC35: 130 | AD35: Pillar Cock with Flange | AE35: Concealed Stop Cock 20mm
A36: PTMT | B36: Ultra | C36: 132-U | D36: Sink Cock (W/M) (Foam Flow) with Flange | E36: {=VLOOKUP(C36,'NEW PTMT'!$B$4:$E1832,{3,4},0)} -> 784 | F36: 848 | G36: 13 | Z36: =B36&AC36 -> Ultra132 | AA36: =B36&AD36 -> UltraSink Cock (W/M) with Flange | AB36: =F36 -> 848 | AC36: 132 | AD36: Sink Cock (W/M) with Flange | AE36: Concealed Stop Cock 20mm with Brass Body
A37: PTMT | B37: Ultra | C37: 1322-U | D37: Sink Cock Swan Neck (W/M) Small Spout Foam Flow with Flange | E37: {=VLOOKUP(C37,'NEW PTMT'!$B$4:$E1832,{3,4},0)} -> 738.3168 | F37: 798 | G37: 30 | Z37: =B37&AC37 -> Ultra1322 | AA37: =B37&AD37 -> UltraSink Cock Small Spout (W/M) with Flange | AB37: =F37 -> 798 | AC37: 1322 | AD37: Sink Cock Small Spout (W/M) with Flange | AE37: Pillar Cock (Foam Flow) with Flange
A38: PTMT | B38: Ultra | C38: 133-U | D38: Sink Cock Swan Neck (T/M) Long Spout Foam Flow with Flange | E38: {=VLOOKUP(C38,'NEW PTMT'!$B$4:$E1832,{3,4},0)} -> 784 | F38: 848 | G38: 13 | Z38: =B38&AC38 -> Ultra133 | AA38: =B38&AD38 -> UltraSink Cock Long Spout (T/M) with Flange | AB38: =F38 -> 848 | AC38: 133 | AD38: Sink Cock Long Spout (T/M) with Flange | AE38: Pillar Cock 12" Tall Height with Flange
A39: PTMT | B39: Ultra | C39: 134-U | D39: Sink Mixer Foam Flow with Flange | E39: {=VLOOKUP(C39,'NEW PTMT'!$B$4:$E1832,{3,4},0)} -> 1632 | F39: 1764 | G39: 13 | Z39: =B39&AC39 -> Ultra134 | AA39: =B39&AD39 -> UltraSink Mixer with Flange | AB39: =F39 -> 1764 | AC39: 134 | AD39: Sink Mixer with Flange | AE39: Pillar Cock Fancy (R.H.) with Flange
A40: PTMT | B40: Ultra | C40: 135-U | D40: Wall Mixer Foam Flow with Flange | E40: {=VLOOKUP(C40,'NEW PTMT'!$B$4:$E1832,{3,4},0)} -> 1572 | F40: 1698 | G40: 13 | Z40: =B40&AC40 -> Ultra135 | AA40: =B40&AD40 -> UltraWall Mixer with Flange | AB40: =F40 -> 1698 | AC40: 135 | AD40: Wall Mixer with Flange | AE40: Pillar Cock Fancy with Flange
A41: PTMT | B41: Ultra | C41: 1374-U | D41: 2 in 1 Telephonic Wall Mixer with Crutch & Hand Shower with 1.5 Mtr Tube | E41: {=VLOOKUP(C41,'NEW PTMT'!$B$4:$E1832,{3,4},0)} -> 2286 | F41: 2468 | Z41: =B41&AC41 -> Ultra1374 | AA41: =B41&AD41 -> Ultra2 in 1 Telephonic Wall Mixer | AB41: =F41 -> 2468 | AC41: 1374 | AD41: 2 in 1 Telephonic Wall Mixer | AE41: Pillar Cock Swan Neck (T/M) Square Spout with Flange
A42: PTMT | B42: Ultra | C42: 1375-U | D42: Wall Mixer (Foam Flow) with L Bend | E42: {=VLOOKUP(C42,'NEW PTMT'!$B$4:$E1832,{3,4},0)} -> 1982 | F42: 2138 | G42: 6 | Z42: =B42&AC42 -> Ultra1375 | AA42: =B42&AD42 -> UltraWall Mixer L Bend with Flange | AB42: =F42 -> 2138 | AC42: 1375 | AD42: Wall Mixer L Bend with Flange | AE42: Pillar Cock Swan Neck (T/M) with Flange
A43: PTMT | B43: Ultra | C43: 144-U | D43: Angle Cock with Flange | E43: {=VLOOKUP(C43,'NEW PTMT'!$B$4:$E1832,{3,4},0)} -> 352 | F43: 378 | G43: 66 | Z43: =B43&AC43 -> Ultra144 | AA43: =B43&AD43 -> UltraAngle Cock with Flange | AB43: =F43 -> 378 | AC43: 144 | AD43: Angle Cock with Flange | AE43: Pillar Cock with Flange
A44: PTMT | B44: Ultra | C44: 145-U | D44: 2 Way Angle Cock with Flange | E44: {=VLOOKUP(C44,'NEW PTMT'!$B$4:$E1832,{3,4},0)} -> 682 | F44: 738 | G44: 23 | Z44: =B44&AC44 -> Ultra145 | AA44: =B44&AD44 -> Ultra2 Way Angle Cock with Flange | AB44: =F44 -> 738 | AC44: 145 | AD44: 2 Way Angle Cock with Flange | AE44: Single Lever Basin Mixer
A45: PTMT | B45: Ultra | C45: 147-U | D45: Pillar Cock Swan Neck Foam Flow with Flange | E45: {=VLOOKUP(C45,'NEW PTMT'!$B$4:$E1832,{3,4},0)} -> 682 | F45: 738 | G45: 30 | Z45: =B45&AC45 -> Ultra147 | AA45: =B45&AD45 -> UltraPillar Cock Swan Neck (T/M) with Flange | AB45: =F45 -> 738 | AC45: 147 | AD45: Pillar Cock Swan Neck (T/M) with Flange | AE45: Sink Cock (W/M) with Flange
A46: PTMT | B46: Ultra | C46: 150-U | D46: Center Hole Basin Mixer Foam Flow | E46: {=VLOOKUP(C46,'NEW PTMT'!$B$4:$E1832,{3,4},0)} -> 1776 | F46: 1918 | G46: 14 | Z46: =B46&AC46 -> Ultra150 | AA46: =B46&AD46 -> UltraCenter Hole Basin Mixer | AB46: =F46 -> 1918 | AC46: 150 | AD46: Center Hole Basin Mixer | AE46: Sink Cock Long Spout (T/M) with Flange
A47: PTMT | B47: Quadra | C47: 123-Q | D47: Bib Cock Fancy 15mm Foam Flow with Flange | E47: {=VLOOKUP(C47,'NEW PTMT'!$B$4:$E1832,{3,4},0)} -> 375.5232 | F47: 406 | G47: 33 | Z47: =B47&AC47 -> Quadra123 | AA47: =B47&AD47 -> QuadraBib Cock Fancy with Flange | AB47: =F47 -> 406 | AC47: 123 | AD47: Bib Cock Fancy with Flange | AE47: Sink Cock Small Spout (W/M) with Flange
A48: PTMT | B48: Quadra | C48: 124-Q | D48: Bib Cock Long Body 15mm (Foam Flow) with Flange | E48: {=VLOOKUP(C48,'NEW PTMT'!$B$4:$E1832,{3,4},0)} -> 472 | F48: 508 | G48: 33 | Z48: =B48&AC48 -> Quadra124 | AA48: =B48&AD48 -> QuadraBib Cock Long Body with Flange | AB48: =F48 -> 508 | AC48: 124 | AD48: Bib Cock Long Body with Flange | AE48: Sink Mixer with Flange
A49: PTMT | B49: Quadra | C49: 127-Q | D49: Bib Cock Nozzle with Flange | E49: {=VLOOKUP(C49,'NEW PTMT'!$B$4:$E1832,{3,4},0)} -> 402 | F49: 434 | G49: 33 | Z49: =B49&AC49 -> Quadra127 | AA49: =B49&AD49 -> QuadraBib Cock Nozzle with Flange | AB49: =F49 -> 434 | AC49: 127 | AD49: Bib Cock Nozzle with Flange | AE49: Stop Cock 15mm (F/T)
A50: PTMT | B50: Quadra | C50: 129-Q | D50: 2 Way Bib Cock Foam Flow with Flange | E50: {=VLOOKUP(C50,'NEW PTMT'!$B$4:$E1832,{3,4},0)} -> 707.88 | F50: 766 | G50: 24 | Z50: =B50&AC50 -> Quadra129 | AA50: =B50&AD50 -> Quadra2 Way Bib Cock with Flange | AB50: =F50 -> 766 | AC50: 129 | AD50: 2 Way Bib Cock with Flange | AE50: Stop Cock 15mm (M/T)
A51: PTMT | B51: Quadra | C51: 130-Q | D51: Pillar Cock Foam Flow with Flange | E51: {=VLOOKUP(C51,'NEW PTMT'!$B$4:$E1832,{3,4},0)} -> 483.7248 | F51: 522 | G51: 30 | Z51: =B51&AC51 -> Quadra130 | AA51: =B51&AD51 -> QuadraPillar Cock with Flange | AB51: =F51 -> 522 | AC51: 130 | AD51: Pillar Cock with Flange | AE51: Stop Cock 15mm with Nozzle
A52: PTMT | B52: Quadra | C52: 131-Q | D52: Pillar Cock 12" Tall Height with Flange | E52: {=VLOOKUP(C52,'NEW PTMT'!$B$4:$E1832,{3,4},0)} -> 756 | F52: 816 | Z52: =B52&AC52 -> Quadra131 | AA52: =B52&AD52 -> QuadraPillar Cock 12" Tall Height with Flange | AB52: =F52 -> 816 | AC52: 131 | AD52: Pillar Cock 12" Tall Height with Flange | AE52: Stop Cock 20mm (F/T)
A53: PTMT | B53: Quadra | C53: 132-Q | D53: Sink Cock (W/M) Foam Flow with Flange | E53: {=VLOOKUP(C53,'NEW PTMT'!$B$4:$E1832,{3,4},0)} -> 764 | F53: 826 | G53: 30 | Z53: =B53&AC53 -> Quadra132 | AA53: =B53&AD53 -> QuadraSink Cock (W/M) with Flange | AB53: =F53 -> 826 | AC53: 132 | AD53: Sink Cock (W/M) with Flange | AE53: Urinal Fish 32mm
A54: PTMT | B54: Quadra | C54: 1322-Q | D54: Sink Cock Swan Neck (W/M) Small Spout Foam Flow with Flange | E54: {=VLOOKUP(C54,'NEW PTMT'!$B$4:$E1832,{3,4},0)} -> 731.952 | F54: 792 | G54: 30 | Z54: =B54&AC54 -> Quadra1322 | AA54: =B54&AD54 -> QuadraSink Cock Small Spout (W/M) with Flange | AB54: =F54 -> 792 | AC54: 1322 | AD54: Sink Cock Small Spout (W/M) with Flange | AE54: Urinal Spreader 15mm
A55: PTMT | B55: Quadra | C55: 133-Q | D55: Sink Cock Swan Neck (T/M) Long Spout Foam Flow with Flange | E55: {=VLOOKUP(C55,'NEW PTMT'!$B$4:$E1832,{3,4},0)} -> 764 | F55: 826 | G55: 13 | Z55: =B55&AC55 -> Quadra133 | AA55: =B55&AD55 -> QuadraSink Cock Long Spout (T/M) with Flange | AB55: =F55 -> 826 | AC55: 133 | AD55: Sink Cock Long Spout (T/M) with Flange | AE55: Wall Mixer L Bend with Flange
A56: PTMT | B56: Quadra | C56: 134-Q | D56: Sink Mixer Foam Flow with Flange | E56: {=VLOOKUP(C56,'NEW PTMT'!$B$4:$E1832,{3,4},0)} -> 1632 | F56: 1764 | G56: 13 | Z56: =B56&AC56 -> Quadra134 | AA56: =B56&AD56 -> QuadraSink Mixer with Flange | AB56: =F56 -> 1764 | AC56: 134 | AD56: Sink Mixer with Flange | AE56: Wall Mixer with Flange
A57: PTMT | B57: Quadra | C57: 135-Q | D57: Wall Mixer Foam Flow with Flange | E57: {=VLOOKUP(C57,'NEW PTMT'!$B$4:$E1832,{3,4},0)} -> 1674 | F57: 1808 | G57: 13 | Z57: =B57&AC57 -> Quadra135 | AA57: =B57&AD57 -> QuadraWall Mixer with Flange | AB57: =F57 -> 1808 | AC57: 135 | AD57: Wall Mixer with Flange | AE57: Washing Machine Tap with Flange
A58: PTMT | B58: Quadra | C58: 1374-Q | D58: 2 in 1 Telephonic Wall Mixer with Crutch & Hand Shower with 1.5 Mtr Tube | E58: {=VLOOKUP(C58,'NEW PTMT'!$B$4:$E1832,{3,4},0)} -> 2233.8 | F58: 2414 | Z58: =B58&AC58 -> Quadra1374 | AA58: =B58&AD58 -> Quadra2 in 1 Telephonic Wall Mixer | AB58: =F58 -> 2414 | AC58: 1374 | AD58: 2 in 1 Telephonic Wall Mixer
A59: PTMT | B59: Quadra | C59: 1375-Q | D59: Wall Mixer L Bend Foam Flow With Flange | E59: {=VLOOKUP(C59,'NEW PTMT'!$B$4:$E1832,{3,4},0)} -> 1927.8 | F59: 2082 | G59: 6 | Z59: =B59&AC59 -> Quadra1375 | AA59: =B59&AD59 -> QuadraWall Mixer L Bend with Flange | AB59: =F59 -> 2082 | AC59: 1375 | AD59: Wall Mixer L Bend with Flange
A60: PTMT | B60: Quadra | C60: 144-Q | D60: Angle Cock with Flange | E60: {=VLOOKUP(C60,'NEW PTMT'!$B$4:$E1832,{3,4},0)} -> 346 | F60: 374 | G60: 66 | Z60: =B60&AC60 -> Quadra144 | AA60: =B60&AD60 -> QuadraAngle Cock with Flange | AB60: =F60 -> 374 | AC60: 144 | AD60: Angle Cock with Flange
A61: PTMT | B61: Quadra | C61: 145-Q | D61: 2 Way Angle Cock with Flange | E61: {=VLOOKUP(C61,'NEW PTMT'!$B$4:$E1832,{3,4},0)} -> 672 | F61: 726 | G61: 23 | Z61: =B61&AC61 -> Quadra145 | AA61: =B61&AD61 -> Quadra2 Way Angle Cock with Flange | AB61: =F61 -> 726 | AC61: 145 | AD61: 2 Way Angle Cock with Flange
A62: PTMT | B62: Quadra | C62: 147-Q | D62: Pillar Cock Swan Neck Square Spout Foam Flow with Flange | E62: {=VLOOKUP(C62,'NEW PTMT'!$B$4:$E1832,{3,4},0)} -> 806.208 | F62: 872 | G62: 30 | Z62: =B62&AC62 -> Quadra147 | AA62: =B62&AD62 -> QuadraPillar Cock Swan Neck (T/M) with Flange | AB62: =F62 -> 872 | AC62: 147 | AD62: Pillar Cock Swan Neck (T/M) with Flange
A63: PTMT | B63: Quadra | C63: 146-QB | D63: Concealed Stop Cock 15mm with Brass Body | E63: {=VLOOKUP(C63,'NEW PTMT'!$B$4:$E1832,{3,4},0)} -> 1318 | F63: 1424 | G63: 64 | Z63: =B63&AC63 -> Quadra146-B | AA63: =B63&AD63 -> QuadraConcealed Stop Cock 15mm with Brass Body | AB63: =F63 -> 1424 | AC63: 146-B | AD63: Concealed Stop Cock 15mm with Brass Body
A64: PTMT | B64: Quadra | C64: 148-QB | D64: Concealed Stop Cock 20mm with Brass Body | E64: {=VLOOKUP(C64,'NEW PTMT'!$B$4:$E1832,{3,4},0)} -> 1346 | F64: 1454 | G64: 64 | Z64: =B64&AC64 -> Quadra148-B | AA64: =B64&AD64 -> QuadraConcealed Stop Cock 20mm with Brass Body | AB64: =F64 -> 1454 | AC64: 148-B | AD64: Concealed Stop Cock 20mm with Brass Body
A65: PTMT | B65: Quadra | C65: 150-Q | D65: Center Hole Basin Mixer Foam Flow | E65: {=VLOOKUP(C65,'NEW PTMT'!$B$4:$E1832,{3,4},0)} -> 1742 | F65: 1882 | G65: 14 | Z65: =B65&AC65 -> Quadra150 | AA65: =B65&AD65 -> QuadraCenter Hole Basin Mixer | AB65: =F65 -> 1882 | AC65: 150 | AD65: Center Hole Basin Mixer
A66: PTMT | B66: Quadra | C66: 400-Q | D66: Single Lever Basin Mixer Foam Flow | E66: {=VLOOKUP(C66,'NEW PTMT'!$B$4:$E1832,{3,4},0)} -> 1776 | F66: 1918 | G66: 14 | Z66: =B66&AC66 -> Quadra400 | AA66: =B66&AD66 -> QuadraSingle Lever Basin Mixer | AB66: =F66 -> 1918 | AC66: 400 | AD66: Single Lever Basin Mixer
A67: PTMT | B67: Ovian | C67: 121-R | D67: Bib Cock Long Nose 15mm (Foam Flow) with Flange | E67: {=VLOOKUP(C67,'NEW PTMT'!$B$4:$E1832,{3,4},0)} -> 362 | F67: 392 | G67: 48 | Z67: =B67&AC67 -> Ovian121 | AA67: =B67&AD67 -> OvianBib Cock with Flange | AB67: =F67 -> 392 | AC67: 121 | AD67: Bib Cock with Flange
A68: PTMT | B68: Ovian | C68: 122-R | D68: Bib Cock 15mm (Foam Flow) with Flange | E68: {=VLOOKUP(C68,'NEW PTMT'!$B$4:$E1832,{3,4},0)} -> 362 | F68: 392 | G68: 33 | Z68: =B68&AC68 -> Ovian122 | AA68: =B68&AD68 -> OvianBib Cock (Foam Flow) with Flange | AB68: =F68 -> 392 | AC68: 122 | AD68: Bib Cock (Foam Flow) with Flange
A69: PTMT | B69: Ovian | C69: 123-R | D69: Bib Cock Fancy 15mm Foam Flow with Flange | E69: {=VLOOKUP(C69,'NEW PTMT'!$B$4:$E1832,{3,4},0)} -> 391.68 | F69: 424 | G69: 33 | Z69: =B69&AC69 -> Ovian123 | AA69: =B69&AD69 -> OvianBib Cock Fancy with Flange | AB69: =F69 -> 424 | AC69: 123 | AD69: Bib Cock Fancy with Flange
A70: PTMT | B70: Ovian | C70: 124-R | D70: Bib Cock Long Smart Body 15mm with Flange | E70: {=VLOOKUP(C70,'NEW PTMT'!$B$4:$E1832,{3,4},0)} -> 382 | F70: 414 | G70: 60 | Z70: =B70&AC70 -> Ovian124 | AA70: =B70&AD70 -> OvianBib Cock Long Body with Flange | AB70: =F70 -> 414 | AC70: 124 | AD70: Bib Cock Long Body with Flange
A71: PTMT | B71: Ovian | C71: 129-R | D71: 2 Way Bib Cock Foam Flow with Flange | E71: {=VLOOKUP(C71,'NEW PTMT'!$B$4:$E1832,{3,4},0)} -> 682 | F71: 738 | G71: 30 | Z71: =B71&AC71 -> Ovian129 | AA71: =B71&AD71 -> Ovian2 Way Bib Cock with Flange | AB71: =F71 -> 738 | AC71: 129 | AD71: 2 Way Bib Cock with Flange
A72: PTMT | B72: Ovian | C72: 130-R | D72: Pillar Cock Foam Flow with Flange | E72: {=VLOOKUP(C72,'NEW PTMT'!$B$4:$E1832,{3,4},0)} -> 466 | F72: 504 | G72: 33 | Z72: =B72&AC72 -> Ovian130 | AA72: =B72&AD72 -> OvianPillar Cock with Flange | AB72: =F72 -> 504 | AC72: 130 | AD72: Pillar Cock with Flange
A73: PTMT | B73: Ovian | C73: 130-RN | D73: Pillar Cock Fancy 15mm (Foam Flow) with Flange | E73: {=VLOOKUP(C73,'NEW PTMT'!$B$4:$E1832,{3,4},0)} -> 466 | F73: 504 | G73: 34 | Z73: =B73&AC73 -> Ovian131 | AA73: =B73&AD73 -> OvianPillar Cock Fancy with Flange | AB73: =F73 -> 504 | AC73: 131 | AD73: Pillar Cock Fancy with Flange
A74: PTMT | B74: Ovian | C74: 132-R | D74: Sink Cock (W/M) Foam Flow with Flange | E74: {=VLOOKUP(C74,'NEW PTMT'!$B$4:$E1832,{3,4},0)} -> 762 | F74: 824 | G74: 13 | Z74: =B74&AC74 -> Ovian132 | AA74: =B74&AD74 -> OvianSink Cock (W/M) with Flange | AB74: =F74 -> 824 | AC74: 132 | AD74: Sink Cock (W/M) with Flange
A75: PTMT | B75: Ovian | C75: 1322-R | D75: Sink Cock Swan Neck (W/M) Small Spout Foam Flow with Flange | E75: {=VLOOKUP(C75,'NEW PTMT'!$B$4:$E1832,{3,4},0)} -> 712 | F75: 768 | G75: 30 | Z75: =B75&AC75 -> Ovian1322 | AA75: =B75&AD75 -> OvianSink Cock Small Spout (W/M) with Flange | AB75: =F75 -> 768 | AC75: 1322 | AD75: Sink Cock Small Spout (W/M) with Flange
A76: PTMT | B76: Ovian | C76: 133-R | D76: Sink Cock Swan Neck (T/M) Long Spout Foam Flow with Flange | E76: {=VLOOKUP(C76,'NEW PTMT'!$B$4:$E1832,{3,4},0)} -> 762 | F76: 822 | G76: 13 | Z76: =B76&AC76 -> Ovian133 | AA76: =B76&AD76 -> OvianSink Cock Long Spout (T/M) with Flange | AB76: =F76 -> 822 | AC76: 133 | AD76: Sink Cock Long Spout (T/M) with Flange
A77: PTMT | B77: Ovian | C77: 134-R | D77: Sink Mixer Foam Flow with Flange | E77: {=VLOOKUP(C77,'NEW PTMT'!$B$4:$E1832,{3,4},0)} -> 1611.6 | F77: 1742 | G77: 13 | Z77: =B77&AC77 -> Ovian134 | AA77: =B77&AD77 -> OvianSink Mixer with Flange | AB77: =F77 -> 1742 | AC77: 134 | AD77: Sink Mixer with Flange
A78: PTMT | B78: Ovian | C78: 135-R | D78: Wall Mixer Foam Flow with Flange | E78: {=VLOOKUP(C78,'NEW PTMT'!$B$4:$E1832,{3,4},0)} -> 1527.552 | F78: 1648 | G78: 13 | Z78: =B78&AC78 -> Ovian135 | AA78: =B78&AD78 -> OvianWall Mixer with Flange | AB78: =F78 -> 1648 | AC78: 135 | AD78: Wall Mixer with Flange
A79: PTMT | B79: Ovian | C79: 1374-R | D79: 2 in 1 Telephonic Wall Mixer with Crutch & Hand Shower with 1.5 Mtr Tube | E79: {=VLOOKUP(C79,'NEW PTMT'!$B$4:$E1832,{3,4},0)} -> 2184 | F79: 2358 | Z79: =B79&AC79 -> Ovian1374 | AA79: =B79&AD79 -> Ovian2 in 1 Telephonic Wall Mixer | AB79: =F79 -> 2358 | AC79: 1374 | AD79: 2 in 1 Telephonic Wall Mixer
A80: PTMT | B80: Ovian | C80: 1375-R | D80: Wall Mixer L Bend Foam Flow With Flange | E80: {=VLOOKUP(C80,'NEW PTMT'!$B$4:$E1832,{3,4},0)} -> 1878 | F80: 2028 | G80: 6 | Z80: =B80&AC80 -> Ovian1375 | AA80: =B80&AD80 -> OvianWall Mixer L Bend with Flange | AB80: =F80 -> 2028 | AC80: 1375 | AD80: Wall Mixer L Bend with Flange
A81: PTMT | B81: Ovian | C81: 144-R | D81: Angle Cock with Flange | E81: {=VLOOKUP(C81,'NEW PTMT'!$B$4:$E1832,{3,4},0)} -> 344 | F81: 372 | G81: 66 | Z81: =B81&AC81 -> Ovian144 | AA81: =B81&AD81 -> OvianAngle Cock with Flange | AB81: =F81 -> 372 | AC81: 144 | AD81: Angle Cock with Flange
A82: PTMT | B82: Ovian | C82: 145-R | D82: 2 Way Angle Cock with Flange | E82: {=VLOOKUP(C82,'NEW PTMT'!$B$4:$E1832,{3,4},0)} -> 625.872 | F82: 676 | G82: 23 | Z82: =B82&AC82 -> Ovian145 | AA82: =B82&AD82 -> Ovian2 Way Angle Cock with Flange | AB82: =F82 -> 676 | AC82: 145 | AD82: 2 Way Angle Cock with Flange
A83: PTMT | B83: Ovian | C83: 147-R | D83: Pillar Cock Swan Neck Foam Flow with Flange | E83: {=VLOOKUP(C83,'NEW PTMT'!$B$4:$E1832,{3,4},0)} -> 688 | F83: 744 | G83: 30 | Z83: =B83&AC83 -> Ovian147 | AA83: =B83&AD83 -> OvianPillar Cock Swan Neck (T/M) with Flange | AB83: =F83 -> 744 | AC83: 147 | AD83: Pillar Cock Swan Neck (T/M) with Flange
A84: PTMT | B84: Ovian | C84: 147-RQ | D84: Pillar Cock Swan Neck Square Spout Foam Flow with Flange | E84: {=VLOOKUP(C84,'NEW PTMT'!$B$4:$E1832,{3,4},0)} -> 732 | F84: 792 | G84: 30 | Z84: =B84&AC84 -> Ovian147-Q | AA84: =B84&AD84 -> OvianPillar Cock Swan Neck (T/M) Square Spout with Flange | AB84: =F84 -> 792 | AC84: 147-Q | AD84: Pillar Cock Swan Neck (T/M) Square Spout with Flange
A85: PTMT | B85: Ovian | C85: 150-R | D85: Center Hole Basin Mixer Foam Flow | E85: {=VLOOKUP(C85,'NEW PTMT'!$B$4:$E1832,{3,4},0)} -> 1572 | F85: 1698 | G85: 14 | Z85: =B85&AC85 -> Ovian150 | AA85: =B85&AD85 -> OvianCenter Hole Basin Mixer | AB85: =F85 -> 1698 | AC85: 150 | AD85: Center Hole Basin Mixer
A86: PTMT | B86: Ovian | C86: 400-R | D86: Single Lever Basin Mixer Foam Flow | E86: {=VLOOKUP(C86,'NEW PTMT'!$B$4:$E1832,{3,4},0)} -> 1696 | F86: 1832 | G86: 14 | Z86: =B86&AC86 -> Ovian400 | AA86: =B86&AD86 -> OvianSingle Lever Basin Mixer | AB86: =F86 -> 1832 | AC86: 400 | AD86: Single Lever Basin Mixer
A87: PTMT | B87: Ovian | C87: 146-RB | D87: Concealed Stop Cock 15mm with Brass Body | E87: {=VLOOKUP(C87,'NEW PTMT'!$B$4:$E1832,{3,4},0)} -> 1328 | F87: 1434 | G87: 64 | Z87: =B87&AC87 -> Ovian146-B | AA87: =B87&AD87 -> OvianConcealed Stop Cock 15mm with Brass Body | AB87: =F87 -> 1434 | AC87: 146-B | AD87: Concealed Stop Cock 15mm with Brass Body
A88: PTMT | B88: Ovian | C88: 148-RB | D88: Concealed Stop Cock 20mm with Brass Body | E88: {=VLOOKUP(C88,'NEW PTMT'!$B$4:$E1832,{3,4},0)} -> 1346 | F88: 1454 | G88: 64 | Z88: =B88&AC88 -> Ovian148-B | AA88: =B88&AD88 -> OvianConcealed Stop Cock 20mm with Brass Body | AB88: =F88 -> 1454 | AC88: 148-B | AD88: Concealed Stop Cock 20mm with Brass Body
A89: PTMT | B89: Lagoona | C89: 121-L | D89: Bib Cock Long Nose (Foam Flow) with Flange | E89: {=VLOOKUP(C89,'NEW PTMT'!$B$4:$E1832,{3,4},0)} -> 362 | F89: 392 | G89: 48 | Z89: =B89&AC89 -> Lagoona121 | AA89: =B89&AD89 -> LagoonaBib Cock with Flange | AB89: =F89 -> 392 | AC89: 121 | AD89: Bib Cock with Flange
A90: PTMT | B90: Lagoona | C90: 122-L | D90: Bib Cock 15mm (Foam Flow) with Flange | E90: {=VLOOKUP(C90,'NEW PTMT'!$B$4:$E1832,{3,4},0)} -> 362 | F90: 392 | G90: 33 | Z90: =B90&AC90 -> Lagoona122 | AA90: =B90&AD90 -> LagoonaBib Cock (Foam Flow) with Flange | AB90: =F90 -> 392 | AC90: 122 | AD90: Bib Cock (Foam Flow) with Flange
A91: PTMT | B91: Lagoona | C91: 123-L | D91: Bib Cock Fancy 15mm Foam Flow with Flange | E91: {=VLOOKUP(C91,'NEW PTMT'!$B$4:$E1832,{3,4},0)} -> 391.68 | F91: 424 | G91: 33 | Z91: =B91&AC91 -> Lagoona123 | AA91: =B91&AD91 -> LagoonaBib Cock Fancy with Flange | AB91: =F91 -> 424 | AC91: 123 | AD91: Bib Cock Fancy with Flange
A92: PTMT | B92: Lagoona | C92: 124-L | D92: Bib Cock Long Body (Smart) Foam Flow with Flange | E92: {=VLOOKUP(C92,'NEW PTMT'!$B$4:$E1832,{3,4},0)} -> 382 | F92: 414 | G92: 60 | Z92: =B92&AC92 -> Lagoona124 | AA92: =B92&AD92 -> LagoonaBib Cock Long Body with Flange | AB92: =F92 -> 414 | AC92: 124 | AD92: Bib Cock Long Body with Flange
A93: PTMT | B93: Lagoona | C93: 129-L | D93: 2 Way Bib Cock Foam Flow with Flange | E93: {=VLOOKUP(C93,'NEW PTMT'!$B$4:$E1832,{3,4},0)} -> 682 | F93: 738 | G93: 30 | Z93: =B93&AC93 -> Lagoona129 | AA93: =B93&AD93 -> Lagoona2 Way Bib Cock with Flange | AB93: =F93 -> 738 | AC93: 129 | AD93: 2 Way Bib Cock with Flange
A94: PTMT | B94: Lagoona | C94: 130-L | D94: Pillar Cock Foam Flow with Flange | E94: {=VLOOKUP(C94,'NEW PTMT'!$B$4:$E1832,{3,4},0)} -> 466 | F94: 504 | G94: 33 | Z94: =B94&AC94 -> Lagoona130 | AA94: =B94&AD94 -> LagoonaPillar Cock with Flange | AB94: =F94 -> 504 | AC94: 130 | AD94: Pillar Cock with Flange
A95: PTMT | B95: Lagoona | C95: 131-L | D95: Pillar Cock Fancy 15mm with (Foam Flow) with Flange | E95: {=VLOOKUP(C95,'NEW PTMT'!$B$4:$E1832,{3,4},0)} -> 466 | F95: 504 | G95: 33 | Z95: =B95&AC95 -> Lagoona131 | AA95: =B95&AD95 -> LagoonaPillar Cock Fancy with Flange | AB95: =F95 -> 504 | AC95: 131 | AD95: Pillar Cock Fancy with Flange
A96: PTMT | B96: Lagoona | C96: 132-L | D96: Sink Cock (W/M) Foam Flow with Flange | E96: {=VLOOKUP(C96,'NEW PTMT'!$B$4:$E1832,{3,4},0)} -> 764 | F96: 826 | G96: 13 | Z96: =B96&AC96 -> Lagoona132 | AA96: =B96&AD96 -> LagoonaSink Cock (W/M) with Flange | AB96: =F96 -> 826 | AC96: 132 | AD96: Sink Cock (W/M) with Flange
A97: PTMT | B97: Lagoona | C97: 1322-L | D97: Sink Cock Swan Neck (W/M) Small Spout Foam Flow with Flange | E97: {=VLOOKUP(C97,'NEW PTMT'!$B$4:$E1832,{3,4},0)} -> 712 | F97: 768 | G97: 30 | Z97: =B97&AC97 -> Lagoona1322 | AA97: =B97&AD97 -> LagoonaSink Cock Small Spout (W/M) with Flange | AB97: =F97 -> 768 | AC97: 1322 | AD97: Sink Cock Small Spout (W/M) with Flange
A98: PTMT | B98: Lagoona | C98: 133-L | D98: Sink Cock Swan Neck (T/M) Long Spout Foam Flow with Flange | E98: {=VLOOKUP(C98,'NEW PTMT'!$B$4:$E1832,{3,4},0)} -> 764 | F98: 826 | G98: 13 | Z98: =B98&AC98 -> Lagoona133 | AA98: =B98&AD98 -> LagoonaSink Cock Long Spout (T/M) with Flange | AB98: =F98 -> 826 | AC98: 133 | AD98: Sink Cock Long Spout (T/M) with Flange
A99: PTMT | B99: Lagoona | C99: 134-L | D99: Sink Mixer Foam Flow with Flange | E99: {=VLOOKUP(C99,'NEW PTMT'!$B$4:$E1832,{3,4},0)} -> 1627.92 | F99: 1758 | G99: 13 | Z99: =B99&AC99 -> Lagoona134 | AA99: =B99&AD99 -> LagoonaSink Mixer with Flange | AB99: =F99 -> 1758 | AC99: 134 | AD99: Sink Mixer with Flange
A100: PTMT | B100: Lagoona | C100: 135-L | D100: Wall Mixer Foam Flow with Flange | E100: {=VLOOKUP(C100,'NEW PTMT'!$B$4:$E1832,{3,4},0)} -> 1572 | F100: 1698 | G100: 13 | Z100: =B100&AC100 -> Lagoona135 | AA100: =B100&AD100 -> LagoonaWall Mixer with Flange | AB100: =F100 -> 1698 | AC100: 135 | AD100: Wall Mixer with Flange
...

Sheet PTMT RANGE
F1: 1.1 | G1: 1.05
D2: SPECIAL RANGES
D3: =COUNT(D5:D999) -> 19 | E3: =COUNT(E5:E999) -> 18 | F3: =COUNT(F5:F999) -> 16 | G3: =COUNT(G5:G999) -> 18 | H3: =COUNT(H5:H999) -> 17 | I3: =COUNT(I5:I999) -> 17 | J3: =COUNT(J5:J999) -> 17 | K3: =COUNT(K5:K999) -> 18 | ... AC3: =COUNT(AC5:AC999) -> 3
A4: S. No. | B4: Item Code | C4: Item Name | D4: Delta | E4: Ibix | F4: Vitro | G4: Flora | H4: Astra | I4: Apex | J4: Ebon | K4: Black Pearl | L4: Grand | M4: Roman | N4: Novo | O4: Ultra | P4: Quadra | Q4: Ovian | R4: Lagoona | S4: Standard (Old Handle) | T4: Standard (New Handle) | U4: Diamond | V4: Sapphire | W4: Crystal | X4: Helix | Y4: Black Sapphire | Z4: Cobra | AA4: Erosa | AB4: Luxor | AC4: Glory
A5: 1 | B5: 121 | C5: =VLOOKUP(B5,MASTER!$AC$16:$AD999,2,0) -> Bib Cock with Flange | D5: =IFERROR(VLOOKUP(D$4&$B5,MASTER!$Z$16:$AB999,3,0),"") | E5: =IFERROR(VLOOKUP(E$4&$B5,MASTER!$Z$16:$AB999,3,0),"") -> 432 | F5: =IFERROR(VLOOKUP(F$4&$B5,MASTER!$Z$16:$AB999,3,0),"") -> 262 | G5: =IFERROR(VLOOKUP(G$4&$B5,MASTER!$Z$16:$AB999,3,0),"") -> 244 | H5: =IFERROR(VLOOKUP(H$4&$B5,MASTER!$Z$16:$AB999,3,0),"") -> 244 | I5: =IFERROR(VLOOKUP(I$4&$B5,MASTER!$Z$16:$AB999,3,0),"") -> 244 | J5: =IFERROR(VLOOKUP(J$4&$B5,MASTER!$Z$16:$AB999,3,0),"") -> 244 | K5: =IFERROR(VLOOKUP(K$4&$B5,MASTER!$Z$16:$AB999,3,0),"") -> 244 | ... AC5: =IFERROR(VLOOKUP(AC$4&$B5,MASTER!$Z$16:$AB999,3,0),"") -> 148
A6: 2 | B6: 121-F | C6: =VLOOKUP(B6,MASTER!$AC$16:$AD999,2,0) -> Bib Cock (Foam Flow) with Flange | D6: =IFERROR(VLOOKUP(D$4&$B6,MASTER!$Z$16:$AB999,3,0),"") | E6: =IFERROR(VLOOKUP(E$4&$B6,MASTER!$Z$16:$AB999,3,0),"") | F6: =IFERROR(VLOOKUP(F$4&$B6,MASTER!$Z$16:$AB999,3,0),"") -> 274 | G6: =IFERROR(VLOOKUP(G$4&$B6,MASTER!$Z$16:$AB999,3,0),"") -> 256 | H6: =IFERROR(VLOOKUP(H$4&$B6,MASTER!$Z$16:$AB999,3,0),"") -> 258 | I6: =IFERROR(VLOOKUP(I$4&$B6,MASTER!$Z$16:$AB999,3,0),"") -> 258 | J6: =IFERROR(VLOOKUP(J$4&$B6,MASTER!$Z$16:$AB999,3,0),"") -> 258 | K6: =IFERROR(VLOOKUP(K$4&$B6,MASTER!$Z$16:$AB999,3,0),"") -> 256 | ... AC6: =IFERROR(VLOOKUP(AC$4&$B6,MASTER!$Z$16:$AB999,3,0),"")
A7: 3 | B7: 122 | C7: =VLOOKUP(B7,MASTER!$AC$16:$AD999,2,0) -> Bib Cock (Foam Flow) with Flange | D7: =IFERROR(VLOOKUP(D$4&$B7,MASTER!$Z$16:$AB999,3,0),"") | E7: =IFERROR(VLOOKUP(E$4&$B7,MASTER!$Z$16:$AB999,3,0),"") -> 472 | F7: =IFERROR(VLOOKUP(F$4&$B7,MASTER!$Z$16:$AB999,3,0),"") | G7: =IFERROR(VLOOKUP(G$4&$B7,MASTER!$Z$16:$AB999,3,0),"") | H7: =IFERROR(VLOOKUP(H$4&$B7,MASTER!$Z$16:$AB999,3,0),"") | I7: =IFERROR(VLOOKUP(I$4&$B7,MASTER!$Z$16:$AB999,3,0),"") | J7: =IFERROR(VLOOKUP(J$4&$B7,MASTER!$Z$16:$AB999,3,0),"") | K7: =IFERROR(VLOOKUP(K$4&$B7,MASTER!$Z$16:$AB999,3,0),"") | ... AC7: =IFERROR(VLOOKUP(AC$4&$B7,MASTER!$Z$16:$AB999,3,0),"")
A8: 4 | B8: 123 | C8: =VLOOKUP(B8,MASTER!$AC$16:$AD999,2,0) -> Bib Cock Fancy with Flange | D8: =IFERROR(VLOOKUP(D$4&$B8,MASTER!$Z$16:$AB999,3,0),"") -> 504 | E8: =IFERROR(VLOOKUP(E$4&$B8,MASTER!$Z$16:$AB999,3,0),"") -> 514 | F8: =IFERROR(VLOOKUP(F$4&$B8,MASTER!$Z$16:$AB999,3,0),"") | G8: =IFERROR(VLOOKUP(G$4&$B8,MASTER!$Z$16:$AB999,3,0),"") | H8: =IFERROR(VLOOKUP(H$4&$B8,MASTER!$Z$16:$AB999,3,0),"") | I8: =IFERROR(VLOOKUP(I$4&$B8,MASTER!$Z$16:$AB999,3,0),"") | J8: =IFERROR(VLOOKUP(J$4&$B8,MASTER!$Z$16:$AB999,3,0),"") | K8: =IFERROR(VLOOKUP(K$4&$B8,MASTER!$Z$16:$AB999,3,0),"") | ... AC8: =IFERROR(VLOOKUP(AC$4&$B8,MASTER!$Z$16:$AB999,3,0),"")
A9: 5 | B9: 123-F | C9: =VLOOKUP(B9,MASTER!$AC$16:$AD999,2,0) -> Bib Cock Fancy (Foam Flow) with Flange | D9: =IFERROR(VLOOKUP(D$4&$B9,MASTER!$Z$16:$AB999,3,0),"") | E9: =IFERROR(VLOOKUP(E$4&$B9,MASTER!$Z$16:$AB999,3,0),"") | F9: =IFERROR(VLOOKUP(F$4&$B9,MASTER!$Z$16:$AB999,3,0),"") | G9: =IFERROR(VLOOKUP(G$4&$B9,MASTER!$Z$16:$AB999,3,0),"") | H9: =IFERROR(VLOOKUP(H$4&$B9,MASTER!$Z$16:$AB999,3,0),"") | I9: =IFERROR(VLOOKUP(I$4&$B9,MASTER!$Z$16:$AB999,3,0),"") | J9: =IFERROR(VLOOKUP(J$4&$B9,MASTER!$Z$16:$AB999,3,0),"") | K9: =IFERROR(VLOOKUP(K$4&$B9,MASTER!$Z$16:$AB999,3,0),"") | ... AC9: =IFERROR(VLOOKUP(AC$4&$B9,MASTER!$Z$16:$AB999,3,0),"")
A10: 6 | B10: 123-N | C10: =VLOOKUP(B10,MASTER!$AC$16:$AD999,2,0) -> Bib Cock Fancy with New Flange & Nipple | D10: =IFERROR(VLOOKUP(D$4&$B10,MASTER!$Z$16:$AB999,3,0),"") | E10: =IFERROR(VLOOKUP(E$4&$B10,MASTER!$Z$16:$AB999,3,0),"") | F10: =IFERROR(VLOOKUP(F$4&$B10,MASTER!$Z$16:$AB999,3,0),"") | G10: =IFERROR(VLOOKUP(G$4&$B10,MASTER!$Z$16:$AB999,3,0),"") | H10: =IFERROR(VLOOKUP(H$4&$B10,MASTER!$Z$16:$AB999,3,0),"") | I10: =IFERROR(VLOOKUP(I$4&$B10,MASTER!$Z$16:$AB999,3,0),"") | J10: =IFERROR(VLOOKUP(J$4&$B10,MASTER!$Z$16:$AB999,3,0),"") | K10: =IFERROR(VLOOKUP(K$4&$B10,MASTER!$Z$16:$AB999,3,0),"") | ... AC10: =IFERROR(VLOOKUP(AC$4&$B10,MASTER!$Z$16:$AB999,3,0),"")
A11: 7 | B11: 124 | C11: =VLOOKUP(B11,MASTER!$AC$16:$AD999,2,0) -> Bib Cock Long Body with Flange | D11: =IFERROR(VLOOKUP(D$4&$B11,MASTER!$Z$16:$AB999,3,0),"") -> 618 | E11: =IFERROR(VLOOKUP(E$4&$B11,MASTER!$Z$16:$AB999,3,0),"") -> 534 | F11: =IFERROR(VLOOKUP(F$4&$B11,MASTER!$Z$16:$AB999,3,0),"") -> 362 | G11: =IFERROR(VLOOKUP(G$4&$B11,MASTER!$Z$16:$AB999,3,0),"") -> 322 | H11: =IFERROR(VLOOKUP(H$4&$B11,MASTER!$Z$16:$AB999,3,0),"") -> 318 | I11: =IFERROR(VLOOKUP(I$4&$B11,MASTER!$Z$16:$AB999,3,0),"") -> 318 | J11: =IFERROR(VLOOKUP(J$4&$B11,MASTER!$Z$16:$AB999,3,0),"") -> 318 | K11: =IFERROR(VLOOKUP(K$4&$B11,MASTER!$Z$16:$AB999,3,0),"") -> 322 | ... AC11: =IFERROR(VLOOKUP(AC$4&$B11,MASTER!$Z$16:$AB999,3,0),"") -> 178
A12: 8 | B12: 124-F | C12: =VLOOKUP(B12,MASTER!$AC$16:$AD999,2,0) -> Bib Cock Long Body (Foam Flow) with Flange | D12: =IFERROR(VLOOKUP(D$4&$B12,MASTER!$Z$16:$AB999,3,0),"") | E12: =IFERROR(VLOOKUP(E$4&$B12,MASTER!$Z$16:$AB999,3,0),"") | F12: =IFERROR(VLOOKUP(F$4&$B12,MASTER!$Z$16:$AB999,3,0),"") | G12: =IFERROR(VLOOKUP(G$4&$B12,MASTER!$Z$16:$AB999,3,0),"") -> 338 | H12: =IFERROR(VLOOKUP(H$4&$B12,MASTER!$Z$16:$AB999,3,0),"") | I12: =IFERROR(VLOOKUP(I$4&$B12,MASTER!$Z$16:$AB999,3,0),"") | J12: =IFERROR(VLOOKUP(J$4&$B12,MASTER!$Z$16:$AB999,3,0),"") | K12: =IFERROR(VLOOKUP(K$4&$B12,MASTER!$Z$16:$AB999,3,0),"") -> 338 | ... AC12: =IFERROR(VLOOKUP(AC$4&$B12,MASTER!$Z$16:$AB999,3,0),"")
A13: 9 | B13: 125 | C13: =VLOOKUP(B13,MASTER!$AC$16:$AD999,2,0) -> Bib Cock Standard 20mm with Flange | D13: =IFERROR(VLOOKUP(D$4&$B13,MASTER!$Z$16:$AB999,3,0),"") | E13: =IFERROR(VLOOKUP(E$4&$B13,MASTER!$Z$16:$AB999,3,0),"") | F13: =IFERROR(VLOOKUP(F$4&$B13,MASTER!$Z$16:$AB999,3,0),"") | G13: =IFERROR(VLOOKUP(G$4&$B13,MASTER!$Z$16:$AB999,3,0),"") | H13: =IFERROR(VLOOKUP(H$4&$B13,MASTER!$Z$16:$AB999,3,0),"") | I13: =IFERROR(VLOOKUP(I$4&$B13,MASTER!$Z$16:$AB999,3,0),"") | J13: =IFERROR(VLOOKUP(J$4&$B13,MASTER!$Z$16:$AB999,3,0),"") | K13: =IFERROR(VLOOKUP(K$4&$B13,MASTER!$Z$16:$AB999,3,0),"") | ... AC13: =IFERROR(VLOOKUP(AC$4&$B13,MASTER!$Z$16:$AB999,3,0),"")
A14: 10 | B14: 127 | C14: =VLOOKUP(B14,MASTER!$AC$16:$AD999,2,0) -> Bib Cock Nozzle with Flange | D14: =IFERROR(VLOOKUP(D$4&$B14,MASTER!$Z$16:$AB999,3,0),"") -> 526 | E14: =IFERROR(VLOOKUP(E$4&$B14,MASTER!$Z$16:$AB999,3,0),"") | F14: =IFERROR(VLOOKUP(F$4&$B14,MASTER!$Z$16:$AB999,3,0),"") -> 308 | G14: =IFERROR(VLOOKUP(G$4&$B14,MASTER!$Z$16:$AB999,3,0),"") -> 294 | H14: =IFERROR(VLOOKUP(H$4&$B14,MASTER!$Z$16:$AB999,3,0),"") -> 294 | I14: =IFERROR(VLOOKUP(I$4&$B14,MASTER!$Z$16:$AB999,3,0),"") -> 294 | J14: =IFERROR(VLOOKUP(J$4&$B14,MASTER!$Z$16:$AB999,3,0),"") -> 294 | K14: =IFERROR(VLOOKUP(K$4&$B14,MASTER!$Z$16:$AB999,3,0),"") -> 294 | ... AC14: =IFERROR(VLOOKUP(AC$4&$B14,MASTER!$Z$16:$AB999,3,0),"")
A15: 11 | B15: 129 | C15: =VLOOKUP(B15,MASTER!$AC$16:$AD999,2,0) -> 2 Way Bib Cock with Flange | D15: =IFERROR(VLOOKUP(D$4&$B15,MASTER!$Z$16:$AB999,3,0),"") -> 946 | E15: =IFERROR(VLOOKUP(E$4&$B15,MASTER!$Z$16:$AB999,3,0),"") -> 912 | F15: =IFERROR(VLOOKUP(F$4&$B15,MASTER!$Z$16:$AB999,3,0),"") -> 558 | G15: =IFERROR(VLOOKUP(G$4&$B15,MASTER!$Z$16:$AB999,3,0),"") -> 492 | H15: =IFERROR(VLOOKUP(H$4&$B15,MASTER!$Z$16:$AB999,3,0),"") -> 492 | I15: =IFERROR(VLOOKUP(I$4&$B15,MASTER!$Z$16:$AB999,3,0),"") -> 492 | J15: =IFERROR(VLOOKUP(J$4&$B15,MASTER!$Z$16:$AB999,3,0),"") -> 492 | K15: =IFERROR(VLOOKUP(K$4&$B15,MASTER!$Z$16:$AB999,3,0),"") -> 492 | ... AC15: =IFERROR(VLOOKUP(AC$4&$B15,MASTER!$Z$16:$AB999,3,0),"")
A16: 12 | B16: 130 | C16: =VLOOKUP(B16,MASTER!$AC$16:$AD999,2,0) -> Pillar Cock with Flange | D16: =IFERROR(VLOOKUP(D$4&$B16,MASTER!$Z$16:$AB999,3,0),"") -> 678 | E16: =IFERROR(VLOOKUP(E$4&$B16,MASTER!$Z$16:$AB999,3,0),"") -> 652 | F16: =IFERROR(VLOOKUP(F$4&$B16,MASTER!$Z$16:$AB999,3,0),"") -> 358 | G16: =IFERROR(VLOOKUP(G$4&$B16,MASTER!$Z$16:$AB999,3,0),"") -> 338 | H16: =IFERROR(VLOOKUP(H$4&$B16,MASTER!$Z$16:$AB999,3,0),"") -> 338 | I16: =IFERROR(VLOOKUP(I$4&$B16,MASTER!$Z$16:$AB999,3,0),"") -> 338 | J16: =IFERROR(VLOOKUP(J$4&$B16,MASTER!$Z$16:$AB999,3,0),"") -> 338 | K16: =IFERROR(VLOOKUP(K$4&$B16,MASTER!$Z$16:$AB999,3,0),"") -> 338 | ... AC16: =IFERROR(VLOOKUP(AC$4&$B16,MASTER!$Z$16:$AB999,3,0),"")
A17: 13 | B17: 131 | C17: =VLOOKUP(B17,MASTER!$AC$16:$AD999,2,0) -> Pillar Cock 12" Tall Height with Flange | D17: =IFERROR(VLOOKUP(D$4&$B17,MASTER!$Z$16:$AB999,3,0),"") -> 794 | E17: =IFERROR(VLOOKUP(E$4&$B17,MASTER!$Z$16:$AB999,3,0),"") -> 652 | F17: =IFERROR(VLOOKUP(F$4&$B17,MASTER!$Z$16:$AB999,3,0),"") | G17: =IFERROR(VLOOKUP(G$4&$B17,MASTER!$Z$16:$AB999,3,0),"") | H17: =IFERROR(VLOOKUP(H$4&$B17,MASTER!$Z$16:$AB999,3,0),"") | I17: =IFERROR(VLOOKUP(I$4&$B17,MASTER!$Z$16:$AB999,3,0),"") | J17: =IFERROR(VLOOKUP(J$4&$B17,MASTER!$Z$16:$AB999,3,0),"") | K17: =IFERROR(VLOOKUP(K$4&$B17,MASTER!$Z$16:$AB999,3,0),"") | ... AC17: =IFERROR(VLOOKUP(AC$4&$B17,MASTER!$Z$16:$AB999,3,0),"")
A18: 14 | B18: 1311 | C18: =VLOOKUP(B18,MASTER!$AC$16:$AD999,2,0) -> Pillar Cock Fancy (R.H.) with Flange | D18: =IFERROR(VLOOKUP(D$4&$B18,MASTER!$Z$16:$AB999,3,0),"") | E18: =IFERROR(VLOOKUP(E$4&$B18,MASTER!$Z$16:$AB999,3,0),"") | F18: =IFERROR(VLOOKUP(F$4&$B18,MASTER!$Z$16:$AB999,3,0),"") | G18: =IFERROR(VLOOKUP(G$4&$B18,MASTER!$Z$16:$AB999,3,0),"") | H18: =IFERROR(VLOOKUP(H$4&$B18,MASTER!$Z$16:$AB999,3,0),"") | I18: =IFERROR(VLOOKUP(I$4&$B18,MASTER!$Z$16:$AB999,3,0),"") | J18: =IFERROR(VLOOKUP(J$4&$B18,MASTER!$Z$16:$AB999,3,0),"") | K18: =IFERROR(VLOOKUP(K$4&$B18,MASTER!$Z$16:$AB999,3,0),"") | ... AC18: =IFERROR(VLOOKUP(AC$4&$B18,MASTER!$Z$16:$AB999,3,0),"")
A19: 15 | B19: 132 | C19: =VLOOKUP(B19,MASTER!$AC$16:$AD999,2,0) -> Sink Cock (W/M) with Flange | D19: =IFERROR(VLOOKUP(D$4&$B19,MASTER!$Z$16:$AB999,3,0),"") -> 1018 | E19: =IFERROR(VLOOKUP(E$4&$B19,MASTER!$Z$16:$AB999,3,0),"") -> 964 | F19: =IFERROR(VLOOKUP(F$4&$B19,MASTER!$Z$16:$AB999,3,0),"") -> 726 | G19: =IFERROR(VLOOKUP(G$4&$B19,MASTER!$Z$16:$AB999,3,0),"") -> 676 | H19: =IFERROR(VLOOKUP(H$4&$B19,MASTER!$Z$16:$AB999,3,0),"") -> 676 | I19: =IFERROR(VLOOKUP(I$4&$B19,MASTER!$Z$16:$AB999,3,0),"") -> 676 | J19: =IFERROR(VLOOKUP(J$4&$B19,MASTER!$Z$16:$AB999,3,0),"") -> 676 | K19: =IFERROR(VLOOKUP(K$4&$B19,MASTER!$Z$16:$AB999,3,0),"") -> 676 | ... AC19: =IFERROR(VLOOKUP(AC$4&$B19,MASTER!$Z$16:$AB999,3,0),"")
A20: 16 | B20: 1322 | C20: =VLOOKUP(B20,MASTER!$AC$16:$AD999,2,0) -> Sink Cock Small Spout (W/M) with Flange | D20: =IFERROR(VLOOKUP(D$4&$B20,MASTER!$Z$16:$AB999,3,0),"") -> 968 | E20: =IFERROR(VLOOKUP(E$4&$B20,MASTER!$Z$16:$AB999,3,0),"") -> 986 | F20: =IFERROR(VLOOKUP(F$4&$B20,MASTER!$Z$16:$AB999,3,0),"") -> 662 | G20: =IFERROR(VLOOKUP(G$4&$B20,MASTER!$Z$16:$AB999,3,0),"") -> 622 | H20: =IFERROR(VLOOKUP(H$4&$B20,MASTER!$Z$16:$AB999,3,0),"") -> 622 | I20: =IFERROR(VLOOKUP(I$4&$B20,MASTER!$Z$16:$AB999,3,0),"") -> 622 | J20: =IFERROR(VLOOKUP(J$4&$B20,MASTER!$Z$16:$AB999,3,0),"") -> 622 | K20: =IFERROR(VLOOKUP(K$4&$B20,MASTER!$Z$16:$AB999,3,0),"") -> 622 | ... AC20: =IFERROR(VLOOKUP(AC$4&$B20,MASTER!$Z$16:$AB999,3,0),"")
A21: 17 | B21: 133 | C21: =VLOOKUP(B21,MASTER!$AC$16:$AD999,2,0) -> Sink Cock Long Spout (T/M) with Flange | D21: =IFERROR(VLOOKUP(D$4&$B21,MASTER!$Z$16:$AB999,3,0),"") -> 1016 | E21: =IFERROR(VLOOKUP(E$4&$B21,MASTER!$Z$16:$AB999,3,0),"") -> 986 | F21: =IFERROR(VLOOKUP(F$4&$B21,MASTER!$Z$16:$AB999,3,0),"") -> 726 | G21: =IFERROR(VLOOKUP(G$4&$B21,MASTER!$Z$16:$AB999,3,0),"") -> 698 | H21: =IFERROR(VLOOKUP(H$4&$B21,MASTER!$Z$16:$AB999,3,0),"") -> 698 | I21: =IFERROR(VLOOKUP(I$4&$B21,MASTER!$Z$16:$AB999,3,0),"") -> 698 | J21: =IFERROR(VLOOKUP(J$4&$B21,MASTER!$Z$16:$AB999,3,0),"") -> 698 | K21: =IFERROR(VLOOKUP(K$4&$B21,MASTER!$Z$16:$AB999,3,0),"") -> 698 | ... AC21: =IFERROR(VLOOKUP(AC$4&$B21,MASTER!$Z$16:$AB999,3,0),"")
A22: 18 | B22: 134 | C22: =VLOOKUP(B22,MASTER!$AC$16:$AD999,2,0) -> Sink Mixer with Flange | D22: =IFERROR(VLOOKUP(D$4&$B22,MASTER!$Z$16:$AB999,3,0),"") -> 2048 | E22: =IFERROR(VLOOKUP(E$4&$B22,MASTER!$Z$16:$AB999,3,0),"") | F22: =IFERROR(VLOOKUP(F$4&$B22,MASTER!$Z$16:$AB999,3,0),"") -> 1364 | G22: =IFERROR(VLOOKUP(G$4&$B22,MASTER!$Z$16:$AB999,3,0),"") -> 1364 | H22: =IFERROR(VLOOKUP(H$4&$B22,MASTER!$Z$16:$AB999,3,0),"") -> 1364 | I22: =IFERROR(VLOOKUP(I$4&$B22,MASTER!$Z$16:$AB999,3,0),"") -> 1364 | J22: =IFERROR(VLOOKUP(J$4&$B22,MASTER!$Z$16:$AB999,3,0),"") -> 1364 | K22: =IFERROR(VLOOKUP(K$4&$B22,MASTER!$Z$16:$AB999,3,0),"") -> 1364 | ... AC22: =IFERROR(VLOOKUP(AC$4&$B22,MASTER!$Z$16:$AB999,3,0),"")
A23: 19 | B23: 135 | C23: =VLOOKUP(B23,MASTER!$AC$16:$AD999,2,0) -> Wall Mixer with Flange | D23: =IFERROR(VLOOKUP(D$4&$B23,MASTER!$Z$16:$AB999,3,0),"") -> 2048 | E23: =IFERROR(VLOOKUP(E$4&$B23,MASTER!$Z$16:$AB999,3,0),"") | F23: =IFERROR(VLOOKUP(F$4&$B23,MASTER!$Z$16:$AB999,3,0),"") -> 1258 | G23: =IFERROR(VLOOKUP(G$4&$B23,MASTER!$Z$16:$AB999,3,0),"") -> 1306 | H23: =IFERROR(VLOOKUP(H$4&$B23,MASTER!$Z$16:$AB999,3,0),"") -> 1306 | I23: =IFERROR(VLOOKUP(I$4&$B23,MASTER!$Z$16:$AB999,3,0),"") -> 1306 | J23: =IFERROR(VLOOKUP(J$4&$B23,MASTER!$Z$16:$AB999,3,0),"") -> 1306 | K23: =IFERROR(VLOOKUP(K$4&$B23,MASTER!$Z$16:$AB999,3,0),"") -> 1306 | ... AC23: =IFERROR(VLOOKUP(AC$4&$B23,MASTER!$Z$16:$AB999,3,0),"")
A24: 20 | B24: 1374 | C24: =VLOOKUP(B24,MASTER!$AC$16:$AD999,2,0) -> 2 in 1 Telephonic Wall Mixer | D24: =IFERROR(VLOOKUP(D$4&$B24,MASTER!$Z$16:$AB999,3,0),"") -> 2832 | E24: =IFERROR(VLOOKUP(E$4&$B24,MASTER!$Z$16:$AB999,3,0),"") -> 2798 | F24: =IFERROR(VLOOKUP(F$4&$B24,MASTER!$Z$16:$AB999,3,0),"") | G24: =IFERROR(VLOOKUP(G$4&$B24,MASTER!$Z$16:$AB999,3,0),"") -> 2038 | H24: =IFERROR(VLOOKUP(H$4&$B24,MASTER!$Z$16:$AB999,3,0),"") -> 2038 | I24: =IFERROR(VLOOKUP(I$4&$B24,MASTER!$Z$16:$AB999,3,0),"") -> 2038 | J24: =IFERROR(VLOOKUP(J$4&$B24,MASTER!$Z$16:$AB999,3,0),"") -> 2038 | K24: =IFERROR(VLOOKUP(K$4&$B24,MASTER!$Z$16:$AB999,3,0),"") -> 2038 | ... AC24: =IFERROR(VLOOKUP(AC$4&$B24,MASTER!$Z$16:$AB999,3,0),"")
A25: 21 | B25: 1375 | C25: =VLOOKUP(B25,MASTER!$AC$16:$AD999,2,0) -> Wall Mixer L Bend with Flange | D25: =IFERROR(VLOOKUP(D$4&$B25,MASTER!$Z$16:$AB999,3,0),"") -> 2498 | E25: =IFERROR(VLOOKUP(E$4&$B25,MASTER!$Z$16:$AB999,3,0),"") -> 2476 | F25: =IFERROR(VLOOKUP(F$4&$B25,MASTER!$Z$16:$AB999,3,0),"") -> 1648 | G25: =IFERROR(VLOOKUP(G$4&$B25,MASTER!$Z$16:$AB999,3,0),"") -> 1708 | H25: =IFERROR(VLOOKUP(H$4&$B25,MASTER!$Z$16:$AB999,3,0),"") -> 1708 | I25: =IFERROR(VLOOKUP(I$4&$B25,MASTER!$Z$16:$AB999,3,0),"") -> 1708 | J25: =IFERROR(VLOOKUP(J$4&$B25,MASTER!$Z$16:$AB999,3,0),"") -> 1708 | K25: =IFERROR(VLOOKUP(K$4&$B25,MASTER!$Z$16:$AB999,3,0),"") -> 1708 | ... AC25: =IFERROR(VLOOKUP(AC$4&$B25,MASTER!$Z$16:$AB999,3,0),"")
A26: 22 | B26: 141 | C26: =VLOOKUP(B26,MASTER!$AC$16:$AD999,2,0) -> Stop Cock 15mm (M/T) | D26: =IFERROR(VLOOKUP(D$4&$B26,MASTER!$Z$16:$AB999,3,0),"") | E26: =IFERROR(VLOOKUP(E$4&$B26,MASTER!$Z$16:$AB999,3,0),"") | F26: =IFERROR(VLOOKUP(F$4&$B26,MASTER!$Z$16:$AB999,3,0),"") | G26: =IFERROR(VLOOKUP(G$4&$B26,MASTER!$Z$16:$AB999,3,0),"") | H26: =IFERROR(VLOOKUP(H$4&$B26,MASTER!$Z$16:$AB999,3,0),"") | I26: =IFERROR(VLOOKUP(I$4&$B26,MASTER!$Z$16:$AB999,3,0),"") | J26: =IFERROR(VLOOKUP(J$4&$B26,MASTER!$Z$16:$AB999,3,0),"") | K26: =IFERROR(VLOOKUP(K$4&$B26,MASTER!$Z$16:$AB999,3,0),"") | ... AC26: =IFERROR(VLOOKUP(AC$4&$B26,MASTER!$Z$16:$AB999,3,0),"")
A27: 23 | B27: 141-N | C27: =VLOOKUP(B27,MASTER!$AC$16:$AD999,2,0) -> Stop Cock 15mm with Nozzle | D27: =IFERROR(VLOOKUP(D$4&$B27,MASTER!$Z$16:$AB999,3,0),"") | E27: =IFERROR(VLOOKUP(E$4&$B27,MASTER!$Z$16:$AB999,3,0),"") | F27: =IFERROR(VLOOKUP(F$4&$B27,MASTER!$Z$16:$AB999,3,0),"") | G27: =IFERROR(VLOOKUP(G$4&$B27,MASTER!$Z$16:$AB999,3,0),"") | H27: =IFERROR(VLOOKUP(H$4&$B27,MASTER!$Z$16:$AB999,3,0),"") | I27: =IFERROR(VLOOKUP(I$4&$B27,MASTER!$Z$16:$AB999,3,0),"") | J27: =IFERROR(VLOOKUP(J$4&$B27,MASTER!$Z$16:$AB999,3,0),"") | K27: =IFERROR(VLOOKUP(K$4&$B27,MASTER!$Z$16:$AB999,3,0),"") | ... AC27: =IFERROR(VLOOKUP(AC$4&$B27,MASTER!$Z$16:$AB999,3,0),"")
A28: 24 | B28: 142 | C28: =VLOOKUP(B28,MASTER!$AC$16:$AD999,2,0) -> Stop Cock 15mm (F/T) | D28: =IFERROR(VLOOKUP(D$4&$B28,MASTER!$Z$16:$AB999,3,0),"") | E28: =IFERROR(VLOOKUP(E$4&$B28,MASTER!$Z$16:$AB999,3,0),"") | F28: =IFERROR(VLOOKUP(F$4&$B28,MASTER!$Z$16:$AB999,3,0),"") | G28: =IFERROR(VLOOKUP(G$4&$B28,MASTER!$Z$16:$AB999,3,0),"") | H28: =IFERROR(VLOOKUP(H$4&$B28,MASTER!$Z$16:$AB999,3,0),"") | I28: =IFERROR(VLOOKUP(I$4&$B28,MASTER!$Z$16:$AB999,3,0),"") | J28: =IFERROR(VLOOKUP(J$4&$B28,MASTER!$Z$16:$AB999,3,0),"") | K28: =IFERROR(VLOOKUP(K$4&$B28,MASTER!$Z$16:$AB999,3,0),"") | ... AC28: =IFERROR(VLOOKUP(AC$4&$B28,MASTER!$Z$16:$AB999,3,0),"")
A29: 25 | B29: 143 | C29: =VLOOKUP(B29,MASTER!$AC$16:$AD999,2,0) -> Stop Cock 20mm (F/T) | D29: =IFERROR(VLOOKUP(D$4&$B29,MASTER!$Z$16:$AB999,3,0),"") | E29: =IFERROR(VLOOKUP(E$4&$B29,MASTER!$Z$16:$AB999,3,0),"") | F29: =IFERROR(VLOOKUP(F$4&$B29,MASTER!$Z$16:$AB999,3,0),"") | G29: =IFERROR(VLOOKUP(G$4&$B29,MASTER!$Z$16:$AB999,3,0),"") | H29: =IFERROR(VLOOKUP(H$4&$B29,MASTER!$Z$16:$AB999,3,0),"") | I29: =IFERROR(VLOOKUP(I$4&$B29,MASTER!$Z$16:$AB999,3,0),"") | J29: =IFERROR(VLOOKUP(J$4&$B29,MASTER!$Z$16:$AB999,3,0),"") | K29: =IFERROR(VLOOKUP(K$4&$B29,MASTER!$Z$16:$AB999,3,0),"") | ... AC29: =IFERROR(VLOOKUP(AC$4&$B29,MASTER!$Z$16:$AB999,3,0),"")
A30: 26 | B30: 144 | C30: =VLOOKUP(B30,MASTER!$AC$16:$AD999,2,0) -> Angle Cock with Flange | D30: =IFERROR(VLOOKUP(D$4&$B30,MASTER!$Z$16:$AB999,3,0),"") -> 482 | E30: =IFERROR(VLOOKUP(E$4&$B30,MASTER!$Z$16:$AB999,3,0),"") -> 434 | F30: =IFERROR(VLOOKUP(F$4&$B30,MASTER!$Z$16:$AB999,3,0),"") -> 256 | G30: =IFERROR(VLOOKUP(G$4&$B30,MASTER!$Z$16:$AB999,3,0),"") -> 256 | H30: =IFERROR(VLOOKUP(H$4&$B30,MASTER!$Z$16:$AB999,3,0),"") -> 256 | I30: =IFERROR(VLOOKUP(I$4&$B30,MASTER!$Z$16:$AB999,3,0),"") -> 256 | J30: =IFERROR(VLOOKUP(J$4&$B30,MASTER!$Z$16:$AB999,3,0),"") -> 256 | K30: =IFERROR(VLOOKUP(K$4&$B30,MASTER!$Z$16:$AB999,3,0),"") -> 256 | ... AC30: =IFERROR(VLOOKUP(AC$4&$B30,MASTER!$Z$16:$AB999,3,0),"") -> 148
A31: 27 | B31: 145 | C31: =VLOOKUP(B31,MASTER!$AC$16:$AD999,2,0) -> 2 Way Angle Cock with Flange | D31: =IFERROR(VLOOKUP(D$4&$B31,MASTER!$Z$16:$AB999,3,0),"") -> 878 | E31: =IFERROR(VLOOKUP(E$4&$B31,MASTER!$Z$16:$AB999,3,0),"") -> 858 | F31: =IFERROR(VLOOKUP(F$4&$B31,MASTER!$Z$16:$AB999,3,0),"") -> 546 | G31: =IFERROR(VLOOKUP(G$4&$B31,MASTER!$Z$16:$AB999,3,0),"") -> 456 | H31: =IFERROR(VLOOKUP(H$4&$B31,MASTER!$Z$16:$AB999,3,0),"") -> 456 | I31: =IFERROR(VLOOKUP(I$4&$B31,MASTER!$Z$16:$AB999,3,0),"") -> 456 | J31: =IFERROR(VLOOKUP(J$4&$B31,MASTER!$Z$16:$AB999,3,0),"") -> 456 | K31: =IFERROR(VLOOKUP(K$4&$B31,MASTER!$Z$16:$AB999,3,0),"") -> 456 | ... AC31: =IFERROR(VLOOKUP(AC$4&$B31,MASTER!$Z$16:$AB999,3,0),"")
A32: 28 | B32: 146 | C32: =VLOOKUP(B32,MASTER!$AC$16:$AD999,2,0) -> Concealed Stop Cock 15mm | D32: =IFERROR(VLOOKUP(D$4&$B32,MASTER!$Z$16:$AB999,3,0),"") | E32: =IFERROR(VLOOKUP(E$4&$B32,MASTER!$Z$16:$AB999,3,0),"") | F32: =IFERROR(VLOOKUP(F$4&$B32,MASTER!$Z$16:$AB999,3,0),"") | G32: =IFERROR(VLOOKUP(G$4&$B32,MASTER!$Z$16:$AB999,3,0),"") | H32: =IFERROR(VLOOKUP(H$4&$B32,MASTER!$Z$16:$AB999,3,0),"") | I32: =IFERROR(VLOOKUP(I$4&$B32,MASTER!$Z$16:$AB999,3,0),"") | J32: =IFERROR(VLOOKUP(J$4&$B32,MASTER!$Z$16:$AB999,3,0),"") | K32: =IFERROR(VLOOKUP(K$4&$B32,MASTER!$Z$16:$AB999,3,0),"") | ... AC32: =IFERROR(VLOOKUP(AC$4&$B32,MASTER!$Z$16:$AB999,3,0),"")
A33: 29 | B33: 148 | C33: =VLOOKUP(B33,MASTER!$AC$16:$AD999,2,0) -> Concealed Stop Cock 20mm | D33: =IFERROR(VLOOKUP(D$4&$B33,MASTER!$Z$16:$AB999,3,0),"") | E33: =IFERROR(VLOOKUP(E$4&$B33,MASTER!$Z$16:$AB999,3,0),"") | F33: =IFERROR(VLOOKUP(F$4&$B33,MASTER!$Z$16:$AB999,3,0),"") | G33: =IFERROR(VLOOKUP(G$4&$B33,MASTER!$Z$16:$AB999,3,0),"") | H33: =IFERROR(VLOOKUP(H$4&$B33,MASTER!$Z$16:$AB999,3,0),"") | I33: =IFERROR(VLOOKUP(I$4&$B33,MASTER!$Z$16:$AB999,3,0),"") | J33: =IFERROR(VLOOKUP(J$4&$B33,MASTER!$Z$16:$AB999,3,0),"") | K33: =IFERROR(VLOOKUP(K$4&$B33,MASTER!$Z$16:$AB999,3,0),"") | ... AC33: =IFERROR(VLOOKUP(AC$4&$B33,MASTER!$Z$16:$AB999,3,0),"")
A34: 30 | B34: 146-B | C34: =VLOOKUP(B34,MASTER!$AC$16:$AD999,2,0) -> Concealed Stop Cock 15mm with Brass Body | D34: =IFERROR(VLOOKUP(D$4&$B34,MASTER!$Z$16:$AB999,3,0),"") -> 1672 | E34: =IFERROR(VLOOKUP(E$4&$B34,MASTER!$Z$16:$AB999,3,0),"") | F34: =IFERROR(VLOOKUP(F$4&$B34,MASTER!$Z$16:$AB999,3,0),"") | G34: =IFERROR(VLOOKUP(G$4&$B34,MASTER!$Z$16:$AB999,3,0),"") | H34: =IFERROR(VLOOKUP(H$4&$B34,MASTER!$Z$16:$AB999,3,0),"") | I34: =IFERROR(VLOOKUP(I$4&$B34,MASTER!$Z$16:$AB999,3,0),"") | J34: =IFERROR(VLOOKUP(J$4&$B34,MASTER!$Z$16:$AB999,3,0),"") | K34: =IFERROR(VLOOKUP(K$4&$B34,MASTER!$Z$16:$AB999,3,0),"") | ... AC34: =IFERROR(VLOOKUP(AC$4&$B34,MASTER!$Z$16:$AB999,3,0),"")
A35: 31 | B35: 148-B | C35: =VLOOKUP(B35,MASTER!$AC$16:$AD999,2,0) -> Concealed Stop Cock 20mm with Brass Body | D35: =IFERROR(VLOOKUP(D$4&$B35,MASTER!$Z$16:$AB999,3,0),"") -> 1698 | E35: =IFERROR(VLOOKUP(E$4&$B35,MASTER!$Z$16:$AB999,3,0),"") | F35: =IFERROR(VLOOKUP(F$4&$B35,MASTER!$Z$16:$AB999,3,0),"") | G35: =IFERROR(VLOOKUP(G$4&$B35,MASTER!$Z$16:$AB999,3,0),"") | H35: =IFERROR(VLOOKUP(H$4&$B35,MASTER!$Z$16:$AB999,3,0),"") | I35: =IFERROR(VLOOKUP(I$4&$B35,MASTER!$Z$16:$AB999,3,0),"") | J35: =IFERROR(VLOOKUP(J$4&$B35,MASTER!$Z$16:$AB999,3,0),"") | K35: =IFERROR(VLOOKUP(K$4&$B35,MASTER!$Z$16:$AB999,3,0),"") | ... AC35: =IFERROR(VLOOKUP(AC$4&$B35,MASTER!$Z$16:$AB999,3,0),"")
A36: 32 | B36: 147 | C36: =VLOOKUP(B36,MASTER!$AC$16:$AD999,2,0) -> Pillar Cock Swan Neck (T/M) with Flange | D36: =IFERROR(VLOOKUP(D$4&$B36,MASTER!$Z$16:$AB999,3,0),"") -> 858 | E36: =IFERROR(VLOOKUP(E$4&$B36,MASTER!$Z$16:$AB999,3,0),"") -> 848 | F36: =IFERROR(VLOOKUP(F$4&$B36,MASTER!$Z$16:$AB999,3,0),"") -> 658 | G36: =IFERROR(VLOOKUP(G$4&$B36,MASTER!$Z$16:$AB999,3,0),"") -> 642 | H36: =IFERROR(VLOOKUP(H$4&$B36,MASTER!$Z$16:$AB999,3,0),"") -> 642 | I36: =IFERROR(VLOOKUP(I$4&$B36,MASTER!$Z$16:$AB999,3,0),"") -> 642 | J36: =IFERROR(VLOOKUP(J$4&$B36,MASTER!$Z$16:$AB999,3,0),"") -> 642 | K36: =IFERROR(VLOOKUP(K$4&$B36,MASTER!$Z$16:$AB999,3,0),"") -> 642 | ... AC36: =IFERROR(VLOOKUP(AC$4&$B36,MASTER!$Z$16:$AB999,3,0),"")
A37: 33 | B37: 147-Q | C37: =VLOOKUP(B37,MASTER!$AC$16:$AD999,2,0) -> Pillar Cock Swan Neck (T/M) Square Spout with Flange | D37: =IFERROR(VLOOKUP(D$4&$B37,MASTER!$Z$16:$AB999,3,0),"") | E37: =IFERROR(VLOOKUP(E$4&$B37,MASTER!$Z$16:$AB999,3,0),"") -> 1024 | F37: =IFERROR(VLOOKUP(F$4&$B37,MASTER!$Z$16:$AB999,3,0),"") | G37: =IFERROR(VLOOKUP(G$4&$B37,MASTER!$Z$16:$AB999,3,0),"") | H37: =IFERROR(VLOOKUP(H$4&$B37,MASTER!$Z$16:$AB999,3,0),"") | I37: =IFERROR(VLOOKUP(I$4&$B37,MASTER!$Z$16:$AB999,3,0),"") | J37: =IFERROR(VLOOKUP(J$4&$B37,MASTER!$Z$16:$AB999,3,0),"") | K37: =IFERROR(VLOOKUP(K$4&$B37,MASTER!$Z$16:$AB999,3,0),"") | ... AC37: =IFERROR(VLOOKUP(AC$4&$B37,MASTER!$Z$16:$AB999,3,0),"")
A38: 34 | B38: 149 | C38: =VLOOKUP(B38,MASTER!$AC$16:$AD999,2,0) -> Washing Machine Tap with Flange | D38: =IFERROR(VLOOKUP(D$4&$B38,MASTER!$Z$16:$AB999,3,0),"") | E38: =IFERROR(VLOOKUP(E$4&$B38,MASTER!$Z$16:$AB999,3,0),"") | F38: =IFERROR(VLOOKUP(F$4&$B38,MASTER!$Z$16:$AB999,3,0),"") -> 424 | G38: =IFERROR(VLOOKUP(G$4&$B38,MASTER!$Z$16:$AB999,3,0),"") -> 392 | H38: =IFERROR(VLOOKUP(H$4&$B38,MASTER!$Z$16:$AB999,3,0),"") -> 392 | I38: =IFERROR(VLOOKUP(I$4&$B38,MASTER!$Z$16:$AB999,3,0),"") -> 392 | J38: =IFERROR(VLOOKUP(J$4&$B38,MASTER!$Z$16:$AB999,3,0),"") -> 392 | K38: =IFERROR(VLOOKUP(K$4&$B38,MASTER!$Z$16:$AB999,3,0),"") -> 392 | ... AC38: =IFERROR(VLOOKUP(AC$4&$B38,MASTER!$Z$16:$AB999,3,0),"")
A39: 35 | B39: 150 | C39: =VLOOKUP(B39,MASTER!$AC$16:$AD999,2,0) -> Center Hole Basin Mixer | D39: =IFERROR(VLOOKUP(D$4&$B39,MASTER!$Z$16:$AB999,3,0),"") -> 2446 | E39: =IFERROR(VLOOKUP(E$4&$B39,MASTER!$Z$16:$AB999,3,0),"") -> 2028 | F39: =IFERROR(VLOOKUP(F$4&$B39,MASTER!$Z$16:$AB999,3,0),"") | G39: =IFERROR(VLOOKUP(G$4&$B39,MASTER!$Z$16:$AB999,3,0),"") | H39: =IFERROR(VLOOKUP(H$4&$B39,MASTER!$Z$16:$AB999,3,0),"") | I39: =IFERROR(VLOOKUP(I$4&$B39,MASTER!$Z$16:$AB999,3,0),"") | J39: =IFERROR(VLOOKUP(J$4&$B39,MASTER!$Z$16:$AB999,3,0),"") | K39: =IFERROR(VLOOKUP(K$4&$B39,MASTER!$Z$16:$AB999,3,0),"") | ... AC39: =IFERROR(VLOOKUP(AC$4&$B39,MASTER!$Z$16:$AB999,3,0),"")
A40: 36 | B40: 400 | C40: =VLOOKUP(B40,MASTER!$AC$16:$AD999,2,0) -> Single Lever Basin Mixer | D40: =IFERROR(VLOOKUP(D$4&$B40,MASTER!$Z$16:$AB999,3,0),"") | E40: =IFERROR(VLOOKUP(E$4&$B40,MASTER!$Z$16:$AB999,3,0),"") -> 2382 | F40: =IFERROR(VLOOKUP(F$4&$B40,MASTER!$Z$16:$AB999,3,0),"") | G40: =IFERROR(VLOOKUP(G$4&$B40,MASTER!$Z$16:$AB999,3,0),"") | H40: =IFERROR(VLOOKUP(H$4&$B40,MASTER!$Z$16:$AB999,3,0),"") | I40: =IFERROR(VLOOKUP(I$4&$B40,MASTER!$Z$16:$AB999,3,0),"") | J40: =IFERROR(VLOOKUP(J$4&$B40,MASTER!$Z$16:$AB999,3,0),"") | K40: =IFERROR(VLOOKUP(K$4&$B40,MASTER!$Z$16:$AB999,3,0),"") | ... AC40: =IFERROR(VLOOKUP(AC$4&$B40,MASTER!$Z$16:$AB999,3,0),"")

Sheet Allied
A1: 4%+2%
B2: Range | C2: Code | D2: SUPERIOR BODY CONCEALED STOP COCK WITH FITTING | E2: 5th Mar, 2026 | F2: 01st Sep, 2026 | G2: Diff. in %age | H2: 01st May, 2026 | I2: Diff. in %age
B3: CNS-15 | D3: Concealed Stop Cock Suitable For 15mm Pipe Line with 1/2" Spindle | E3: 860 | F3: 1020 | G3: =IFERROR(DIVIDE(MINUS(F3,E3),E3),) -> 0.18604651 | H3: 940 | I3: =IFERROR(DIVIDE(MINUS(F3,H3),H3),) -> 0.085106383
B4: CNS-20 | D4: Concealed Stop Cock Suitable For 20mm Pipe Line with 1/2" Spindle | E4: 900 | F4: 1060 | G4: =IFERROR(DIVIDE(MINUS(F4,E4),E4),) -> 0.17777778 | H4: 980 | I4: =IFERROR(DIVIDE(MINUS(F4,H4),H4),) -> 0.081632653
B6: Quadra | C6: PQ-18 | D6: Concealed Stop Cock (Handle, Sleeve & Flange Only) | E6: 330 | F6: 360 | G6: =IFERROR(DIVIDE(MINUS(F6,E6),E6),) -> 0.090909091
C7: 146-Q | D7: Concealed Stop Cock Spindle 15mm & Body 15mm | E7: 1190 | F7: 1290 | G7: =IFERROR(DIVIDE(MINUS(F7,E7),E7),) -> 0.084033613
C8: 148-Q | D8: Concealed Stop Cock Spindle 20mm & Body 20mm | E8: 1230 | F8: 1330 | G8: =IFERROR(DIVIDE(MINUS(F8,E8),E8),) -> 0.081300813
B10: Delta | C10: PD-18 | D10: Concealed Stop Cock (Handle, Sleeve & Flange Only) | E10: 330 | F10: 360 | G10: =IFERROR(DIVIDE(MINUS(F10,E10),E10),) -> 0.090909091
C11: 146-D | D11: Concealed Stop Cock Spindle 15mm & Body 15mm | E11: 1190 | F11: 1290 | G11: =IFERROR(DIVIDE(MINUS(F11,E11),E11),) -> 0.084033613
C12: 148-D | D12: Concealed Stop Cock Spindle 20mm & Body 20mm | E12: 1230 | F12: 1330 | G12: =IFERROR(DIVIDE(MINUS(F12,E12),E12),) -> 0.081300813
B14: Ibix | C14: PI-18 | D14: Concealed Stop Cock (Handle, Sleeve & Flange Only) | E14: 330 | F14: 360 | G14: =IFERROR(DIVIDE(MINUS(F14,E14),E14),) -> 0.090909091
C15: 146-I | D15: Concealed Stop Cock Spindle 15mm & Body 15mm | E15: 1190 | F15: 1290 | G15: =IFERROR(DIVIDE(MINUS(F15,E15),E15),) -> 0.084033613
C16: 148-I | D16: Concealed Stop Cock Spindle 20mm & Body 20mm | E16: 1230 | F16: 1330 | G16: =IFERROR(DIVIDE(MINUS(F16,E16),E16),) -> 0.081300813
B18: Ovian | C18: PR-18 | D18: Concealed Stop Cock (Handle, Sleeve & Flange Only) | E18: 330 | F18: 360 | G18: =IFERROR(DIVIDE(MINUS(F18,E18),E18),) -> 0.090909091
C19: 146-R | D19: Concealed Stop Cock Spindle 15mm & Body 15mm | E19: 1190 | F19: 1290 | G19: =IFERROR(DIVIDE(MINUS(F19,E19),E19),) -> 0.084033613
C20: 148-R | D20: Concealed Stop Cock Spindle 20mm & Body 20mm | E20: 1230 | F20: 1330 | G20: =IFERROR(DIVIDE(MINUS(F20,E20),E20),) -> 0.081300813
B22: STANDARD (Old Handle) | C22: 146-BO | D22: Concealed Stop Cock 15mm with Brass Body | E22: 1256 | F22: 1398 | G22: =IFERROR(DIVIDE(MINUS(F22,E22),E22),) -> 0.11305732
C23: 148-BO | D23: Concealed Stop Cock 20mm with Brass Body | E23: 1276 | F23: 1428 | G23: =IFERROR(DIVIDE(MINUS(F23,E23),E23),) -> 0.11912226
B24: STANDARD | C24: 146-B | D24: Concealed Stop Cock 15mm with Brass Body | E24: 1256 | F24: 1398 | G24: =IFERROR(DIVIDE(MINUS(F24,E24),E24),) -> 0.11305732
C25: 148-B | D25: Concealed Stop Cock 20mm with Brass Body | E25: 1276 | F25: 1428 | G25: =IFERROR(DIVIDE(MINUS(F25,E25),E25),) -> 0.11912226
B26: Helix | C26: 146-HB | D26: Concealed Stop Cock 15mm with Brass Body | E26: 1236 | F26: 1384 | G26: =IFERROR(DIVIDE(MINUS(F26,E26),E26),) -> 0.1197411
C27: 148-HB | D27: Concealed Stop Cock 20mm with Brass Body | E27: 1248 | F27: 1398 | G27: =IFERROR(DIVIDE(MINUS(F27,E27),E27),) -> 0.12019231
B28: Delta | C28: 146-DB | D28: Concealed Stop Cock 15mm with Brass Body | E28: 1548 | F28: 1734 | G28: =IFERROR(DIVIDE(MINUS(F28,E28),E28),) -> 0.12015504
C29: 148-DB | D29: Concealed Stop Cock 20mm with Brass Body | E29: 1576 | F29: 1766 | G29: =IFERROR(DIVIDE(MINUS(F29,E29),E29),) -> 0.12055838
B30: Quadra | C30: 146-QB | D30: Concealed Stop Cock 15mm with Brass Body | E30: 1318 | F30: 1476 | G30: =IFERROR(DIVIDE(MINUS(F30,E30),E30),) -> 0.1198786
C31: 148-QB | D31: Concealed Stop Cock 20mm with Brass Body | E31: 1346 | F31: 1498 | G31: =IFERROR(DIVIDE(MINUS(F31,E31),E31),) -> 0.11292719
B32: Ovian | C32: 146-RB | D32: Concealed Stop Cock 15mm with Brass Body | E32: 1328 | F32: 1486 | G32: =IFERROR(DIVIDE(MINUS(F32,E32),E32),) -> 0.1189759
C33: 148-RB | D33: Concealed Stop Cock 20mm with Brass Body | E33: 1346 | F33: 1498 | G33: =IFERROR(DIVIDE(MINUS(F33,E33),E33),) -> 0.11292719

Sheet NEW PTMT
B2: Cat No. | C2: Name | D2: 5th Mar, 2026 | E2: 01st Sep, 2026 | G2: Diff. in %age | I2: COUPON | J2: Master Box | K2: Master Box Packing
B3: Novo Series
A4: 1 | B4: 123-NN | C4: Bib Cock Fancy 15mm (Foam Flow) with Flange | D4: 298 | E4: 322 | G4: =IFERROR(DIVIDE(MINUS(E4,D4),D4),) -> 0.080536913 | I4: 2.88 | J4: {=IFERROR(VLOOKUP(B4:B1878,PACKING!$A$3:$D1878,{3,4},0),"")} -> 54 | K4: 216
A5: 2 | B5: 124-N | C5: Bib Cock Long Body 15mm (Foam Flow) with Flange | D5: 362 | E5: 392 | G5: =IFERROR(DIVIDE(MINUS(E5,D5),D5),) -> 0.082872928 | I5: 3.4 | J5: 33 | K5: 132
A6: 3 | B6: 127-N | C6: Bib Cock Nozzle with Flange | D6: 332 | E6: 358 | G6: =IFERROR(DIVIDE(MINUS(E6,D6),D6),) -> 0.078313253 | I6: 3.1 | J6: 33 | K6: 132
A7: 4 | B7: 129-N | C7: 2 Way Bib Cock Foam Flow with Flange | D7: 572 | E7: 618 | G7: =IFERROR(DIVIDE(MINUS(E7,D7),D7),) -> 0.08041958 | I7: 5.38 | J7: 28 | K7: 112
A8: 5 | B8: 130-N | C8: Pillar Cock Foam Flow with Flange | D8: 432 | E8: 468 | G8: =IFERROR(DIVIDE(MINUS(E8,D8),D8),) -> 0.083333333 | I8: 4.06 | J8: 30 | K8: 120
A9: 6 | B9: 132-N | C9: Sink Cock (W/M) Foam Flow with Flange | D9: 658 | E9: 712 | G9: =IFERROR(DIVIDE(MINUS(E9,D9),D9),) -> 0.082066869 | I9: 6.18 | J9: 13 | K9: 52
A10: 7 | B10: 1322-N | C10: Sink Cock Swan Neck (W/M) Small Spout Foam Flow with Flange | D10: 632 | E10: 684 | G10: =IFERROR(DIVIDE(MINUS(E10,D10),D10),) -> 0.082278481 | I10: 5.94 | J10: 30 | K10: 120
A11: 8 | B11: 133-N | C11: Sink Cock Swan Neck (T/M) Long Spout Foam Flow with Flange | D11: 698.0064 | E11: 754 | G11: =IFERROR(DIVIDE(MINUS(E11,D11),D11),) -> 0.080219322 | I11: 6 | J11: 13 | K11: 52
A12: 9 | B12: 134-N | C12: Sink Mixer Foam Flow with Flange | D12: 1572 | E12: 1698 | G12: =IFERROR(DIVIDE(MINUS(E12,D12),D12),) -> 0.080152672 | I12: 14.8 | J12: 13 | K12: 52
A13: 10 | B13: 135-N | C13: Wall Mixer Foam Flow with Flange | D13: 1527.552 | E13: 1648 | G13: =IFERROR(DIVIDE(MINUS(E13,D13),D13),) -> 0.078850344 | I13: 15 | J13: 13 | K13: 52
B14: 1374-N | C14: 2 in 1 Telephonic Wall Mixer with Crutch & Hand Shower with 1.5 Mtr Tube | D14: 2092 | E14: 2258 | G14: =IFERROR(DIVIDE(MINUS(E14,D14),D14),) -> 0.079349904
A15: 11 | B15: 1375-N | C15: Wall Mixer L Bend Foam Flow with Flange | D15: 1784 | E15: 1928 | G15: =IFERROR(DIVIDE(MINUS(E15,D15),D15),) -> 0.080717489 | I15: 15 | J15: 6 | K15: 24
A16: 12 | B16: 144-N | C16: Angle Cock with Flange | D16: 272 | E16: 294 | G16: =IFERROR(DIVIDE(MINUS(E16,D16),D16),) -> 0.080882353 | I16: 2 | J16: 66 | K16: 198
A17: 13 | B17: 145-N | C17: 2 Way Angle Cock Foam Flow with Flange | D17: 507.96 | E17: 548 | G17: =IFERROR(DIVIDE(MINUS(E17,D17),D17),) -> 0.078825104 | I17: 4.8 | J17: 35 | K17: 140
B18: 147-N | C18: Pillar Cock Swan Neck Square Spout Foam Flow with Flange | D18: 711.96 | E18: 768 | G18: =IFERROR(DIVIDE(MINUS(E18,D18),D18),) -> 0.078712287 | I18: 6 | J18: 30 | K18: 120
B20: Ultra Series
A21: 1 | B21: 123-U | C21: Bib Cock Fancy 15mm (Foam Flow) with Flange | D21: 395.76 | E21: 426 | G21: =IFERROR(DIVIDE(MINUS(E21,D21),D21),) -> 0.076409945 | I21: 3.76 | J21: 33 | K21: 132
A22: 2 | B22: 124-U | C22: Bib Cock Long Body 15mm (Foam Flow) with Flange | D22: 485.8464 | E22: 526 | G22: =IFERROR(DIVIDE(MINUS(E22,D22),D22),) -> 0.082646697 | I22: 4.58 | J22: 33 | K22: 99
A23: 3 | B23: 127-U | C23: Bib Cock Nozzle with Flange | D23: 422.1984 | E23: 456 | G23: =IFERROR(DIVIDE(MINUS(E23,D23),D23),) -> 0.080060938 | I23: 3.98 | J23: 33 | K23: 132
A24: 4 | B24: 129-U | C24: 2 Way Bib Cock (Foam Flow) with Flange | D24: 732 | E24: 792 | G24: =IFERROR(DIVIDE(MINUS(E24,D24),D24),) -> 0.081967213 | I24: 6 | J24: 24 | K24: 48
A25: 5 | B25: 130-U | C25: Pillar Cock (Foam Flow) with Flange | D25: 497.76 | E25: 538 | G25: =IFERROR(DIVIDE(MINUS(E25,D25),D25),) -> 0.080842173 | I25: 4.7 | J25: 30 | K25: 90
A26: 6 | B26: 132-U | C26: Sink Cock (W/M) (Foam Flow) with Flange | D26: 784 | E26: 848 | G26: =IFERROR(DIVIDE(MINUS(E26,D26),D26),) -> 0.081632653 | I26: 6 | J26: 13 | K26: 52
B27: 1322-U | C27: Sink Cock Swan Neck (W/M) Small Spout Foam Flow with Flange | D27: 738.3168 | E27: 798 | G27: =IFERROR(DIVIDE(MINUS(E27,D27),D27),) -> 0.080836844 | I27: 6 | J27: 30 | K27: 120
A28: 7 | B28: 133-U | C28: Sink Cock Swan Neck (T/M) Long Spout Foam Flow with Flange | D28: 784 | E28: 848 | G28: =IFERROR(DIVIDE(MINUS(E28,D28),D28),) -> 0.081632653 | I28: 6 | J28: 13 | K28: 52
A29: 8 | B29: 134-U | C29: Sink Mixer Foam Flow with Flange | D29: 1632 | E29: 1764 | G29: =IFERROR(DIVIDE(MINUS(E29,D29),D29),) -> 0.080882353 | I29: 15.4 | J29: 13 | K29: 52
A30: 9 | B30: 135-U | C30: Wall Mixer Foam Flow with Flange | D30: 1572 | E30: 1698 | G30: =IFERROR(DIVIDE(MINUS(E30,D30),D30),) -> 0.080152672 | I30: 14.6 | J30: 13 | K30: 52
B31: 1374-U | C31: 2 in 1 Telephonic Wall Mixer with Crutch & Hand Shower with 1.5 Mtr Tube | D31: 2286 | E31: 2468 | G31: =IFERROR(DIVIDE(MINUS(E31,D31),D31),) -> 0.079615048
A32: 10 | B32: 1375-U | C32: Wall Mixer (Foam Flow) with L Bend | D32: 1982 | E32: 2138 | G32: =IFERROR(DIVIDE(MINUS(E32,D32),D32),) -> 0.078708375 | I32: 14.6 | J32: 6 | K32: 24
A33: 11 | B33: 144-U | C33: Angle Cock with Flange | D33: 352 | E33: 378 | G33: =IFERROR(DIVIDE(MINUS(E33,D33),D33),) -> 0.073863636 | I33: 2 | J33: 66 | K33: 198
A34: 12 | B34: 145-U | C34: 2 Way Angle Cock with Flange | D34: 682 | E34: 738 | G34: =IFERROR(DIVIDE(MINUS(E34,D34),D34),) -> 0.082111437 | I34: 6.44 | J34: 23 | K34: 92
A35: 13 | B35: 147-U | C35: Pillar Cock Swan Neck Foam Flow with Flange | D35: 682 | E35: 738 | G35: =IFERROR(DIVIDE(MINUS(E35,D35),D35),) -> 0.082111437 | I35: 6.4 | J35: 30 | K35: 90
A36: 14 | B36: 150-U | C36: Center Hole Basin Mixer Foam Flow | D36: 1776 | E36: 1918 | G36: =IFERROR(DIVIDE(MINUS(E36,D36),D36),) -> 0.079954955 | I36: 15 | J36: 14 | K36: 56
G37: =IFERROR(DIVIDE(MINUS(E37,D37),D37),)
B38: Quadra Series | G38: =IFERROR(DIVIDE(MINUS(E38,D38),D38),)
A39: 1 | B39: 123-Q | C39: Bib Cock Fancy 15mm Foam Flow with Flange | D39: 375.5232 | E39: 406 | G39: =IFERROR(DIVIDE(MINUS(E39,D39),D39),) -> 0.081158235 | I39: 3.54 | J39: 33 | K39: 132
A40: 2 | B40: 124-Q | C40: Bib Cock Long Body 15mm (Foam Flow) with Flange | D40: 472 | E40: 508 | G40: =IFERROR(DIVIDE(MINUS(E40,D40),D40),) -> 0.076271186 | I40: 4.44 | J40: 33 | K40: 99
A41: 3 | B41: 127-Q | C41: Bib Cock Nozzle with Flange | D41: 402 | E41: 434 | G41: =IFERROR(DIVIDE(MINUS(E41,D41),D41),) -> 0.07960199 | I41: 3.78 | J41: 33 | K41: 99
A42: 4 | B42: 129-Q | C42: 2 Way Bib Cock Foam Flow with Flange | D42: 707.88 | E42: 766 | G42: =IFERROR(DIVIDE(MINUS(E42,D42),D42),) -> 0.082104311 | I42: 6 | J42: 24 | K42: 48
A43: 5 | B43: 130-Q | C43: Pillar Cock Foam Flow with Flange | D43: 483.7248 | E43: 522 | G43: =IFERROR(DIVIDE(MINUS(E43,D43),D43),) -> 0.079125982 | I43: 4.56 | J43: 30 | K43: 90
B44: 131-Q | C44: Pillar Cock 12" Tall Height with Flange | D44: 756 | E44: 816 | G44: =IFERROR(DIVIDE(MINUS(E44,D44),D44),) -> 0.079365079
A45: 6 | B45: 132-Q | C45: Sink Cock (W/M) Foam Flow with Flange | D45: 764 | E45: 826 | G45: =IFERROR(DIVIDE(MINUS(E45,D45),D45),) -> 0.081151832 | I45: 6 | J45: 30 | K45: 90
B46: 1322-Q | C46: Sink Cock Swan Neck (W/M) Small Spout Foam Flow with Flange | D46: 731.952 | E46: 792 | G46: =IFERROR(DIVIDE(MINUS(E46,D46),D46),) -> 0.082038166 | I46: 6 | J46: 30 | K46: 120
A47: 7 | B47: 133-Q | C47: Sink Cock Swan Neck (T/M) Long Spout Foam Flow with Flange | D47: 764 | E47: 826 | G47: =IFERROR(DIVIDE(MINUS(E47,D47),D47),) -> 0.081151832 | I47: 6 | J47: 13 | K47: 52
A48: 8 | B48: 134-Q | C48: Sink Mixer Foam Flow with Flange | D48: 1632 | E48: 1764 | G48: =IFERROR(DIVIDE(MINUS(E48,D48),D48),) -> 0.080882353 | I48: 15.4 | J48: 13 | K48: 52
A49: 9 | B49: 135-Q | C49: Wall Mixer Foam Flow with Flange | D49: 1674 | E49: 1808 | G49: =IFERROR(DIVIDE(MINUS(E49,D49),D49),) -> 0.08004779 | I49: 14.6 | J49: 13 | K49: 52
B50: 1374-Q | C50: 2 in 1 Telephonic Wall Mixer with Crutch & Hand Shower with 1.5 Mtr Tube | D50: 2233.8 | E50: 2414 | G50: =IFERROR(DIVIDE(MINUS(E50,D50),D50),) -> 0.080669711
A51: 10 | B51: 1375-Q | C51: Wall Mixer L Bend Foam Flow With Flange | D51: 1927.8 | E51: 2082 | G51: =IFERROR(DIVIDE(MINUS(E51,D51),D51),) -> 0.079987551 | I51: 15 | J51: 6 | K51: 24
A52: 11 | B52: 144-Q | C52: Angle Cock with Flange | D52: 346 | E52: 374 | G52: =IFERROR(DIVIDE(MINUS(E52,D52),D52),) -> 0.080924855 | I52: 2 | J52: 66 | K52: 198
A53: 12 | B53: 145-Q | C53: 2 Way Angle Cock with Flange | D53: 672 | E53: 726 | G53: =IFERROR(DIVIDE(MINUS(E53,D53),D53),) -> 0.080357143 | I53: 6.28 | J53: 23 | K53: 92
B54: 147-Q | C54: Pillar Cock Swan Neck Square Spout Foam Flow with Flange | D54: 806.208 | E54: 872 | G54: =IFERROR(DIVIDE(MINUS(E54,D54),D54),) -> 0.081606732 | I54: 7.6 | J54: 30 | K54: 90
A55: 13 | B55: 146-QB | C55: Concealed Stop Cock 15mm with Brass Body | D55: 1318 | E55: 1424 | G55: =IFERROR(DIVIDE(MINUS(E55,D55),D55),) -> 0.080424886 | I55: 10 | J55: 64 | K55: 128
A56: 14 | B56: 148-QB | C56: Concealed Stop Cock 20mm with Brass Body | D56: 1346 | E56: 1454 | G56: =IFERROR(DIVIDE(MINUS(E56,D56),D56),) -> 0.080237741 | I56: 10 | J56: 64 | K56: 128
A57: 15 | B57: 150-Q | C57: Center Hole Basin Mixer Foam Flow | D57: 1742 | E57: 1882 | G57: =IFERROR(DIVIDE(MINUS(E57,D57),D57),) -> 0.080367394 | I57: 15 | J57: 14 | K57: 56
A58: 16 | B58: 400-Q | C58: Single Lever Basin Mixer Foam Flow | D58: 1776 | E58: 1918 | G58: =IFERROR(DIVIDE(MINUS(E58,D58),D58),) -> 0.079954955 | I58: 15 | J58: 14 | K58: 56
G59: =IFERROR(DIVIDE(MINUS(E59,D59),D59),)
B60: Ovian Series | G60: =IFERROR(DIVIDE(MINUS(E60,D60),D60),)
A61: 1 | B61: 121-R | C61: Bib Cock Long Nose 15mm (Foam Flow) with Flange | D61: 362 | E61: 392 | G61: =IFERROR(DIVIDE(MINUS(E61,D61),D61),) -> 0.082872928 | I61: 3.4 | J61: 48 | K61: 192
B62: 122-R | C62: Bib Cock 15mm (Foam Flow) with Flange | D62: 362 | E62: 392 | G62: =IFERROR(DIVIDE(MINUS(E62,D62),D62),) -> 0.082872928 | I62: 3.4 | J62: 33 | K62: 132
A63: 2 | B63: 123-R | C63: Bib Cock Fancy 15mm Foam Flow with Flange | D63: 391.68 | E63: 424 | G63: =IFERROR(DIVIDE(MINUS(E63,D63),D63),) -> 0.08251634 | I63: 3.68 | J63: 33 | K63: 132
A64: 3 | B64: 124-R | C64: Bib Cock Long Smart Body 15mm with Flange | D64: 382 | E64: 414 | G64: =IFERROR(DIVIDE(MINUS(E64,D64),D64),) -> 0.083769634 | I64: 3.58 | J64: 60 | K64: 240
A65: 4 | B65: 129-R | C65: 2 Way Bib Cock Foam Flow with Flange | D65: 682 | E65: 738 | G65: =IFERROR(DIVIDE(MINUS(E65,D65),D65),) -> 0.082111437 | I65: 6.4 | J65: 30 | K65: 120
A66: 5 | B66: 130-R | C66: Pillar Cock Foam Flow with Flange | D66: 466 | E66: 504 | G66: =IFERROR(DIVIDE(MINUS(E66,D66),D66),) -> 0.081545064 | I66: 4.38 | J66: 33 | K66: 132
A67: 6 | B67: 130-RN | C67: Pillar Cock Fancy 15mm (Foam Flow) with Flange | D67: 466 | E67: 504 | G67: =IFERROR(DIVIDE(MINUS(E67,D67),D67),) -> 0.081545064 | I67: 4.38 | J67: 34 | K67: 136
A68: 7 | B68: 132-R | C68: Sink Cock (W/M) Foam Flow with Flange | D68: 762 | E68: 824 | G68: =IFERROR(DIVIDE(MINUS(E68,D68),D68),) -> 0.081364829 | I68: 6 | J68: 13 | K68: 52
B69: 1322-R | C69: Sink Cock Swan Neck (W/M) Small Spout Foam Flow with Flange | D69: 712 | E69: 768 | G69: =IFERROR(DIVIDE(MINUS(E69,D69),D69),) -> 0.078651685 | I69: 6 | J69: 30 | K69: 120
A70: 8 | B70: 133-R | C70: Sink Cock Swan Neck (T/M) Long Spout Foam Flow with Flange | D70: 762 | E70: 822 | G70: =IFERROR(DIVIDE(MINUS(E70,D70),D70),) -> 0.078740157 | I70: 6 | J70: 13 | K70: 52
A71: 9 | B71: 134-R | C71: Sink Mixer Foam Flow with Flange | D71: 1611.6 | E71: 1742 | G71: =IFERROR(DIVIDE(MINUS(E71,D71),D71),) -> 0.080913378 | I71: 15.2 | J71: 13 | K71: 52
A72: 10 | B72: 135-R | C72: Wall Mixer Foam Flow with Flange | D72: 1527.552 | E72: 1648 | G72: =IFERROR(DIVIDE(MINUS(E72,D72),D72),) -> 0.078850344 | I72: 15 | J72: 13 | K72: 52
B73: 1374-R | C73: 2 in 1 Telephonic Wall Mixer with Crutch & Hand Shower with 1.5 Mtr Tube | D73: 2184 | E73: 2358 | G73: =IFERROR(DIVIDE(MINUS(E73,D73),D73),) -> 0.07967033
A74: 11 | B74: 1375-R | C74: Wall Mixer L Bend Foam Flow With Flange | D74: 1878 | E74: 2028 | G74: =IFERROR(DIVIDE(MINUS(E74,D74),D74),) -> 0.079872204 | I74: 15 | J74: 6 | K74: 24
A75: 12 | B75: 144-R | C75: Angle Cock with Flange | D75: 344 | E75: 372 | G75: =IFERROR(DIVIDE(MINUS(E75,D75),D75),) -> 0.081395349 | I75: 2 | J75: 66 | K75: 264
A76: 13 | B76: 145-R | C76: 2 Way Angle Cock with Flange | D76: 625.872 | E76: 676 | G76: =IFERROR(DIVIDE(MINUS(E76,D76),D76),) -> 0.080093054 | I76: 5.9 | J76: 23 | K76: 92
A77: 14 | B77: 147-R | C77: Pillar Cock Swan Neck Foam Flow with Flange | D77: 688 | E77: 744 | G77: =IFERROR(DIVIDE(MINUS(E77,D77),D77),) -> 0.081395349 | I77: 6.48 | J77: 30 | K77: 120
A78: 15 | B78: 147-RQ | C78: Pillar Cock Swan Neck Square Spout Foam Flow with Flange | D78: 732 | E78: 792 | G78: =IFERROR(DIVIDE(MINUS(E78,D78),D78),) -> 0.081967213 | I78: 6 | J78: 30 | K78: 120
A79: 16 | B79: 150-R | C79: Center Hole Basin Mixer Foam Flow | D79: 1572 | E79: 1698 | G79: =IFERROR(DIVIDE(MINUS(E79,D79),D79),) -> 0.080152672 | I79: 14.8 | J79: 14 | K79: 56
A80: 17 | B80: 400-R | C80: Single Lever Basin Mixer Foam Flow | D80: 1696 | E80: 1832 | G80: =IFERROR(DIVIDE(MINUS(E80,D80),D80),) -> 0.080188679 | I80: 15 | J80: 14 | K80: 56
B81: 146-RB | C81: Concealed Stop Cock 15mm with Brass Body | D81: 1328 | E81: 1434 | G81: =IFERROR(DIVIDE(MINUS(E81,D81),D81),) -> 0.079819277 | I81: 10 | J81: 64 | K81: 128
B82: 148-RB | C82: Concealed Stop Cock 20mm with Brass Body | D82: 1346 | E82: 1454 | G82: =IFERROR(DIVIDE(MINUS(E82,D82),D82),) -> 0.080237741 | I82: 10 | J82: 64 | K82: 128
G83: =IFERROR(DIVIDE(MINUS(E83,D83),D83),)
B84: Lagoona Series | G84: =IFERROR(DIVIDE(MINUS(E84,D84),D84),)
A85: 1 | B85: 121-L | C85: Bib Cock Long Nose (Foam Flow) with Flange | D85: 362 | E85: 392 | G85: =IFERROR(DIVIDE(MINUS(E85,D85),D85),) -> 0.082872928 | I85: 3.4 | J85: 48 | K85: 192
B86: 122-L | C86: Bib Cock 15mm (Foam Flow) with Flange | D86: 362 | E86: 392 | G86: =IFERROR(DIVIDE(MINUS(E86,D86),D86),) -> 0.082872928 | I86: 3.4 | J86: 33 | K86: 132
A87: 2 | B87: 123-L | C87: Bib Cock Fancy 15mm Foam Flow with Flange | D87: 391.68 | E87: 424 | G87: =IFERROR(DIVIDE(MINUS(E87,D87),D87),) -> 0.08251634 | I87: 3.68 | J87: 33 | K87: 132
A88: 3 | B88: 124-L | C88: Bib Cock Long Body (Smart) Foam Flow with Flange | D88: 382 | E88: 414 | G88: =IFERROR(DIVIDE(MINUS(E88,D88),D88),) -> 0.083769634 | I88: 3.58 | J88: 60 | K88: 240
A89: 4 | B89: 129-L | C89: 2 Way Bib Cock Foam Flow with Flange | D89: 682 | E89: 738 | G89: =IFERROR(DIVIDE(MINUS(E89,D89),D89),) -> 0.082111437 | I89: 6.4 | J89: 30 | K89: 120
A90: 5 | B90: 130-L | C90: Pillar Cock Foam Flow with Flange | D90: 466 | E90: 504 | G90: =IFERROR(DIVIDE(MINUS(E90,D90),D90),) -> 0.081545064 | I90: 4.38 | J90: 33 | K90: 132
A91: 6 | B91: 131-L | C91: Pillar Cock Fancy 15mm with (Foam Flow) with Flange | D91: 466 | E91: 504 | G91: =IFERROR(DIVIDE(MINUS(E91,D91),D91),) -> 0.081545064 | I91: 4.38 | J91: 33 | K91: 132
A92: 7 | B92: 132-L | C92: Sink Cock (W/M) Foam Flow with Flange | D92: 764 | E92: 826 | G92: =IFERROR(DIVIDE(MINUS(E92,D92),D92),) -> 0.081151832 | I92: 6 | J92: 13 | K92: 52
B93: 1322-L | C93: Sink Cock Swan Neck (W/M) Small Spout Foam Flow with Flange | D93: 712 | E93: 768 | G93: =IFERROR(DIVIDE(MINUS(E93,D93),D93),) -> 0.078651685 | I93: 6 | J93: 30 | K93: 120
A94: 8 | B94: 133-L | C94: Sink Cock Swan Neck (T/M) Long Spout Foam Flow with Flange | D94: 764 | E94: 826 | G94: =IFERROR(DIVIDE(MINUS(E94,D94),D94),) -> 0.081151832 | I94: 6 | J94: 13 | K94: 52
A95: 9 | B95: 134-L | C95: Sink Mixer Foam Flow with Flange | D95: 1627.92 | E95: 1758 | G95: =IFERROR(DIVIDE(MINUS(E95,D95),D95),) -> 0.079905646 | I95: 15.4 | J95: 13 | K95: 52
A96: 10 | B96: 135-L | C96: Wall Mixer Foam Flow with Flange | D96: 1572 | E96: 1698 | G96: =IFERROR(DIVIDE(MINUS(E96,D96),D96),) -> 0.080152672 | I96: 14.8 | J96: 13 | K96: 52
B97: 1374-L | C97: 2 in 1 Telephonic Wall Mixer with Crutch & Hand Shower with 1.5 Mtr Tube | D97: 2223.6 | E97: 2402 | G97: =IFERROR(DIVIDE(MINUS(E97,D97),D97),) -> 0.080230257
A98: 11 | B98: 1375-L | C98: Wall Mixer L Bend Foam Flow With Flange | D98: 1917.6 | E98: 2072 | G98: =IFERROR(DIVIDE(MINUS(E98,D98),D98),) -> 0.080517313 | I98: 15 | J98: 6 | K98: 24
A99: 12 | B99: 144-L | C99: Angle Cock with Flange | D99: 344 | E99: 372 | G99: =IFERROR(DIVIDE(MINUS(E99,D99),D99),) -> 0.081395349 | I99: 2 | J99: 66 | K99: 264
A100: 13 | B100: 145-L | C100: 2 Way Angle Cock with Flange | D100: 632 | E100: 684 | G100: =IFERROR(DIVIDE(MINUS(E100,D100),D100),) -> 0.082278481 | I100: 5.9 | J100: 35 | K100: 140
A101: 14 | B101: 147-L | C101: Pillar Cock Swan Neck Foam Flow with Flange | D101: 688 | E101: 744 | G101: =IFERROR(DIVIDE(MINUS(E101,D101),D101),) -> 0.081395349 | I101: 6.48 | J101: 30 | K101: 120
A102: 15 | B102: 147-LQ | C102: Pillar Cock Swan Neck Square Spout Foam Flow with Flange | D102: 732 | E102: 792 | G102: =IFERROR(DIVIDE(MINUS(E102,D102),D102),) -> 0.081967213 | I102: 6 | J102: 30 | K102: 120
...

Sheet NEW ITEMS
A1: 0.02
B2: Cat No. | C2: Name | D2: NEW | E2: 46086
B3: Novo Series
B4: 1374-N | C4: 2 in 1 Telephonic Wall Mixer with Crutch (Hand Shower with 1.5 Mtr Tube) | D4: NEW | E4: 2092
B6: Novo Royal Series
B7: 1374-NR | C7: 2 in 1 Telephonic Wall Mixer with Crutch (Hand Shower with 1.5 Mtr Tube) | D7: NEW | E7: 2217.52
B9: Novo Peach Series
B10: 1374-NP | C10: 2 in 1 Telephonic Wall Mixer with Crutch (Hand Shower with 1.5 Mtr Tube) | D10: NEW | E10: 2217.52
B12: Novo Gold Series
B13: 1374-NG | C13: 2 in 1 Telephonic Wall Mixer with Crutch (Hand Shower with 1.5 Mtr Tube) | D13: NEW | E13: 2217.52
B15: Novo Wine Series
B16: 1374-NW | C16: 2 in 1 Telephonic Wall Mixer with Crutch (Hand Shower with 1.5 Mtr Tube) | D16: NEW | E16: 2217.52
B18: Novo Black Series
B19: 1374-NBB | C19: 2 in 1 Telephonic Wall Mixer with Crutch (Hand Shower with 1.5 Mtr Tube) | D19: NEW | E19: 2217.52
B21: Novo Dark Blue Series
B22: 1374-NB | C22: 2 in 1 Telephonic Wall Mixer with Crutch (Hand Shower with 1.5 Mtr Tube) | D22: NEW | E22: 2217.52
B24: Ultra Series
B25: 1374-U | C25: 2 in 1 Telephonic Wall Mixer with Crutch (Hand Shower with 1.5 Mtr Tube) | D25: NEW | E25: 2286
B27: Ultra Wine Series
B28: 1374-UW | C28: 2 in 1 Telephonic Wall Mixer with Crutch (Hand Shower with 1.5 Mtr Tube) | D28: NEW | E28: 2424
B30: Ultra Gold Series
B31: 1374-UG | C31: 2 in 1 Telephonic Wall Mixer with Crutch (Hand Shower with 1.5 Mtr Tube) | D31: NEW | E31: 2424
B33: Ultra Royal Series
B34: 1374-UR | C34: 2 in 1 Telephonic Wall Mixer with Crutch (Hand Shower with 1.5 Mtr Tube) | D34: NEW | E34: 2424
B36: Ultra Peach Series
B37: 1374-UP | C37: 2 in 1 Telephonic Wall Mixer with Crutch (Hand Shower with 1.5 Mtr Tube) | D37: NEW | E37: 2424
B39: Ultra Black Series
B40: 1374-UB | C40: 2 in 1 Telephonic Wall Mixer with Crutch (Hand Shower with 1.5 Mtr Tube) | D40: NEW | E40: 2424
B42: Quadra Series
B43: 131-Q | C43: Pillar Cock 12" Tall Height with Flange | D43: NEW | E43: 756
B44: 1374-Q | C44: 2 in 1 Telephonic Wall Mixer with Crutch (Hand Shower with 1.5 Mtr Tube) | D44: NEW | E44: 2233.8
B46: Quadra Royal Series
B47: 131-QR | C47: Pillar Cock 12" Tall Height with Flange | D47: NEW | E47: 798
B48: 1374-QR | C48: 2 in 1 Telephonic Wall Mixer with Crutch (Hand Shower with 1.5 Mtr Tube) | D48: NEW | E48: 2367.828
B50: Quadra Peach Series
B51: 131-QP | C51: Pillar Cock 12" Tall Height with Flange | D51: NEW | E51: 798
B52: 1374-QP | C52: 2 in 1 Telephonic Wall Mixer with Crutch (Hand Shower with 1.5 Mtr Tube) | D52: NEW | E52: 2367.828
B54: Quadra Gold Series
B55: 131-QG | C55: Pillar Cock 12" Tall Height with Flange | D55: NEW | E55: 798
B56: 1374-QG | C56: 2 in 1 Telephonic Wall Mixer with Crutch (Hand Shower with 1.5 Mtr Tube) | D56: NEW | E56: 2367.828
B58: Quadra Wine Series
B59: 131-QW | C59: Pillar Cock 12" Tall Height with Flange | D59: NEW | E59: 798
B60: 1374-QW | C60: 2 in 1 Telephonic Wall Mixer with Crutch (Hand Shower with 1.5 Mtr Tube) | D60: NEW | E60: 2367.828
B62: Quadra Black Series
B63: 131-QB | C63: Pillar Cock 12" Tall Height with Flange | D63: NEW | E63: 798
B64: 1374-QB | C64: 2 in 1 Telephonic Wall Mixer with Crutch (Hand Shower with 1.5 Mtr Tube) | D64: NEW | E64: 2367.828
B66: Quadra Dark Blue Series
B67: 131-QAB | C67: Pillar Cock 12" Tall Height with Flange | D67: NEW | E67: 798
B68: 1374-QAB | C68: 2 in 1 Telephonic Wall Mixer with Crutch (Hand Shower with 1.5 Mtr Tube) | D68: NEW | E68: 2367.828
B70: Ovian Series
B71: 1374-R | C71: 2 in 1 Telephonic Wall Mixer with Crutch (Hand Shower with 1.5 Mtr Tube) | D71: NEW | E71: 2184
B73: Ovian Gold Series
B74: 1374-RG | C74: 2 in 1 Telephonic Wall Mixer with Crutch (Hand Shower with 1.5 Mtr Tube) | D74: NEW | E74: 2316
B76: Ovian Royal Series
B77: 1374-RR | C77: 2 in 1 Telephonic Wall Mixer with Crutch (Hand Shower with 1.5 Mtr Tube) | D77: NEW | E77: 2316
B79: Ovian Peach Series
B80: 1374-RP | C80: 2 in 1 Telephonic Wall Mixer with Crutch (Hand Shower with 1.5 Mtr Tube) | D80: NEW | E80: 2316
B82: Ovian Wine Series
B83: 1374-RW | C83: 2 in 1 Telephonic Wall Mixer with Crutch (Hand Shower with 1.5 Mtr Tube) | D83: NEW | E83: 2316
B85: Lagoona Series
B86: 1374-L | C86: 2 in 1 Telephonic Wall Mixer with Crutch (Hand Shower with 1.5 Mtr Tube) | D86: NEW | E86: 2223.6
B88: Lagoona Gold Series
B89: 1374-LG | C89: 2 in 1 Telephonic Wall Mixer with Crutch (Hand Shower with 1.5 Mtr Tube) | D89: NEW | E89: 2358
B91: Lagoona Royal Series
B92: 1374-LR | C92: 2 in 1 Telephonic Wall Mixer with Crutch (Hand Shower with 1.5 Mtr Tube) | D92: NEW | E92: 2358
B94: Lagoona Peach Series
B95: 1374-LP | C95: 2 in 1 Telephonic Wall Mixer with Crutch (Hand Shower with 1.5 Mtr Tube) | D95: NEW | E95: 2358
B97: Lagoona Wine Series
B98: 1374-LW | C98: 2 in 1 Telephonic Wall Mixer with Crutch (Hand Shower with 1.5 Mtr Tube) | D98: NEW | E98: 2358
B100: Delta Series
B101: 131-D | C101: Pillar Cock 12" Tall Height with Flange | D101: NEW | E101: 734.4
B102: 1374-D | C102: 2 in 1 Telephonic Wall Mixer with Crutch (Hand Shower with 1.5 Mtr Tube) | D102: NEW | E102: 2622
B104: Delta Wine Series
B105: 131-DW | C105: Pillar Cock 12" Tall Height with Flange | D105: NEW | E105: 778.464
B106: 1374-DW | C106: 2 in 1 Telephonic Wall Mixer with Crutch (Hand Shower with 1.5 Mtr Tube) | D106: NEW | E106: 2778
B108: Delta Gold Series
B109: 131-DG | C109: Pillar Cock 12" Tall Height with Flange | D109: NEW | E109: 778.464
B110: 1374-DG | C110: 2 in 1 Telephonic Wall Mixer with Crutch (Hand Shower with 1.5 Mtr Tube) | D110: NEW | E110: 2778
B112: Delta Royal Series
B113: 131-DR | C113: Pillar Cock 12" Tall Height with Flange | D113: NEW | E113: 778.464
B114: 1374-DR | C114: 2 in 1 Telephonic Wall Mixer with Crutch (Hand Shower with 1.5 Mtr Tube) | D114: NEW | E114: 2778
B116: Delta Peach Series
B117: 131-DP | C117: Pillar Cock 12" Tall Height with Flange | D117: NEW | E117: 778.464
B118: 1374-DP | C118: 2 in 1 Telephonic Wall Mixer with Crutch (Hand Shower with 1.5 Mtr Tube) | D118: NEW | E118: 2778
B120: Delta Black Series
B121: 131-DB | C121: Pillar Cock 12" Tall Height with Flange | D121: NEW | E121: 778.464
B122: 1374-DB | C122: 2 in 1 Telephonic Wall Mixer with Crutch (Hand Shower with 1.5 Mtr Tube) | D122: NEW | E122: 2778
B124: Luxor Series
B125: P-121 | C125: Metallic ABS Bib Cock 15mm without Flange | D125: NEW | E125: 122
B126: P-124 | C126: Metallic ABS Long Body 15mm with Flange | D126: NEW | E126: 142
B127: P-144 | C127: Metallic ABS Angle Cock 15mm with Flange | D127: NEW | E127: 122
B129: Glory Series
B130: PS-121 | C130: Metallic ABS Bib Cock 15mm without Flange | D130: NEW | E130: 132
B131: PS-124 | C131: Metallic ABS Long Body 15mm with Flange | D131: NEW | E131: 158
B132: PS-144 | C132: Metallic ABS Angle Cock 15mm with Flange | D132: NEW | E132: 132
B134: Sapphire Series
B135: 121-AF | C135: Bib Cock 15mm (Foam Flow) with Flange | D135: NEW | E135: 246
B136: 1374-A | C136: 2 in 1 Telephonic Wall Mixer with Crutch (Hand Shower with 1.5 Mtr Tube) | D136: NEW | E136: 1933.92
B138: Black Sapphire Series
B139: 121-ABF | C139: Bib Cock 15mm (Foam Flow) with Flange | D139: NEW | E139: 254
...

Sheet COLOUR WISE
B2: Cat No. | C2: Name | D2: 5th Mar, 2026 | E2: 01st Sep, 2026 | G2: Diff. in %age | H2: 1.06 | I2: Master Box | J2: Master Box Packing
B3: Novo Royal Series
B4: 123-NNR | C4: Bib Cock (Foam Flow) with Flange | D4: 315.88 | E4: 342 | F4: =H4*$H$2 -> 341.32 | G4: =IFERROR(DIVIDE(MINUS(E4,D4),D4),) -> 0.082689629 | H4: =VLOOKUP(M4,'NEW PTMT'!$B$4:$E1406,4,0) -> 322 | I4: {=IFERROR(VLOOKUP(B4:B1406,PACKING!$A$3:$D1406,{3,4},0),"")} -> 54 | J4: 216 | M4: 123-NN
B5: 124-NR | C5: Long Body Bib Cock (Foam Flow) with Flange | D5: 383.72 | E5: 416 | F5: =H5*$H$2 -> 415.52 | G5: =IFERROR(DIVIDE(MINUS(E5,D5),D5),) -> 0.08412384 | H5: =VLOOKUP(M5,'NEW PTMT'!$B$4:$E1406,4,0) -> 392 | I5: 33 | J5: 132 | M5: 124-N
B6: 127-NR | C6: Bib Cock Nozzle with Flange | D6: 351.92 | E6: 378 | F6: =H6*$H$2 -> 379.48 | G6: =IFERROR(DIVIDE(MINUS(E6,D6),D6),) -> 0.074107752 | H6: =VLOOKUP(M6,'NEW PTMT'!$B$4:$E1406,4,0) -> 358 | I6: 33 | J6: 132 | M6: 127-N
B7: 129-NR | C7: 2 Way Bib Cock (Foam Flow) with Flange | D7: 606.32 | E7: 654 | F7: =H7*$H$2 -> 655.08 | G7: =IFERROR(DIVIDE(MINUS(E7,D7),D7),) -> 0.078638343 | H7: =VLOOKUP(M7,'NEW PTMT'!$B$4:$E1406,4,0) -> 618 | I7: 28 | J7: 112 | M7: 129-N
B8: 130-NR | C8: Pillar Cock (Foam Flow) with Flange | D8: 457.92 | E8: 496 | F8: =H8*$H$2 -> 496.08 | G8: =IFERROR(DIVIDE(MINUS(E8,D8),D8),) -> 0.08315863 | H8: =VLOOKUP(M8,'NEW PTMT'!$B$4:$E1406,4,0) -> 468 | I8: 30 | J8: 120 | M8: 130-N
B9: 132-NR | C9: Sink Cock (W/M) (Foam Flow) with Flange | D9: 698 | E9: 754 | F9: =H9*$H$2 -> 754.72 | G9: =IFERROR(DIVIDE(MINUS(E9,D9),D9),) -> 0.080229226 | H9: =VLOOKUP(M9,'NEW PTMT'!$B$4:$E1406,4,0) -> 712 | I9: 13 | J9: 52 | M9: 132-N
B10: 1322-NR | C10: Sink Cock Swan Neck Small Spout (Foam Flow) With Flange | D10: 669.92 | E10: 724 | F10: =H10*$H$2 -> 725.04 | G10: =IFERROR(DIVIDE(MINUS(E10,D10),D10),) -> 0.080726057 | H10: =VLOOKUP(M10,'NEW PTMT'!$B$4:$E1406,4,0) -> 684 | I10: 30 | J10: 120 | M10: 1322-N
B11: 133-NR | C11: Sink Cock Swan Neck (T/M) Square Spout (Foam Flow) with Flange | D11: 739.88678 | E11: 798 | F11: =H11*$H$2 -> 799.24 | G11: =IFERROR(DIVIDE(MINUS(E11,D11),D11),) -> 0.07854339 | H11: =VLOOKUP(M11,'NEW PTMT'!$B$4:$E1406,4,0) -> 754 | I11: 13 | J11: 52 | M11: 133-N
B12: 134-NR | C12: Sink Mixer (Foam Flow) with Flange | D12: 1666.32 | E12: 1798 | F12: =H12*$H$2 -> 1799.88 | G12: =IFERROR(DIVIDE(MINUS(E12,D12),D12),) -> 0.079024437 | H12: =VLOOKUP(M12,'NEW PTMT'!$B$4:$E1406,4,0) -> 1698 | I12: 13 | J12: 52 | M12: 134-N
B13: 135-NR | C13: Wall Mixer (Foam Flow) with Flange | D13: 1620 | E13: 1748 | F13: =H13*$H$2 -> 1746.88 | G13: =IFERROR(DIVIDE(MINUS(E13,D13),D13),) -> 0.079012346 | H13: =VLOOKUP(M13,'NEW PTMT'!$B$4:$E1406,4,0) -> 1648 | I13: 13 | J13: 52 | M13: 135-N
B14: 1374-NR | C14: 2 in 1 Telephonic Wall Mixer with Crutch & Hand Shower with 1.5 Mtr Tube | D14: 2217.52 | E14: 2394 | F14: =H14*$H$2 -> 2393.48 | G14: =IFERROR(DIVIDE(MINUS(E14,D14),D14),) -> 0.079584401 | H14: =VLOOKUP(M14,'NEW PTMT'!$B$4:$E1406,4,0) -> 2258 | M14: 1374-N
B15: 1375-NR | C15: Wall Mixer L Bend (Foam Flow) With Flange | D15: 1890 | E15: 2044 | F15: =H15*$H$2 -> 2043.68 | G15: =IFERROR(DIVIDE(MINUS(E15,D15),D15),) -> 0.081481481 | H15: =VLOOKUP(M15,'NEW PTMT'!$B$4:$E1406,4,0) -> 1928 | I15: 6 | J15: 24 | M15: 1375-N
B16: 144-NR | C16: Angle Cock with Flange | D16: 288.32 | E16: 312 | F16: =H16*$H$2 -> 311.64 | G16: =IFERROR(DIVIDE(MINUS(E16,D16),D16),) -> 0.082130966 | H16: =VLOOKUP(M16,'NEW PTMT'!$B$4:$E1406,4,0) -> 294 | I16: 66 | J16: 198 | M16: 144-N
B17: 145-NR | C17: 2 Way Angle Cock (Foam Flow) with Flange | D17: 538.4376 | E17: 582 | F17: =H17*$H$2 -> 580.88 | G17: =IFERROR(DIVIDE(MINUS(E17,D17),D17),) -> 0.080905197 | H17: =VLOOKUP(M17,'NEW PTMT'!$B$4:$E1406,4,0) -> 548 | I17: 35 | J17: 140 | M17: 145-N
B18: 147-NR | C18: Sink Cock Swan Neck (T/M) Square Spout (Foam Flow) with Flange | D18: 756 | E18: 814 | F18: =H18*$H$2 -> 814.08 | G18: =IFERROR(DIVIDE(MINUS(E18,D18),D18),) -> 0.076719577 | H18: =VLOOKUP(M18,'NEW PTMT'!$B$4:$E1406,4,0) -> 768 | I18: 30 | J18: 120 | M18: 147-N
B20: Novo Gold Series
B21: 123-NNG | C21: Bib Cock (Foam Flow) with Flange | D21: =D4 -> 315.88 | E21: =E4 -> 342 | G21: =IFERROR(DIVIDE(MINUS(E21,D21),D21),) -> 0.082689629 | I21: 54 | J21: 216
B22: 124-NG | C22: Long Body Bib Cock (Foam Flow) with Flange | D22: =D5 -> 383.72 | E22: =E5 -> 416 | G22: =IFERROR(DIVIDE(MINUS(E22,D22),D22),) -> 0.08412384 | I22: 33 | J22: 132
B23: 127-NG | C23: Bib Cock Nozzle with Flange | D23: =D6 -> 351.92 | E23: =E6 -> 378 | G23: =IFERROR(DIVIDE(MINUS(E23,D23),D23),) -> 0.074107752 | I23: 33 | J23: 132
B24: 129-NG | C24: 2 Way Bib Cock (Foam Flow) with Flange | D24: =D7 -> 606.32 | E24: =E7 -> 654 | G24: =IFERROR(DIVIDE(MINUS(E24,D24),D24),) -> 0.078638343 | I24: 28 | J24: 112
B25: 130-NG | C25: Pillar Cock (Foam Flow) with Flange | D25: =D8 -> 457.92 | E25: =E8 -> 496 | G25: =IFERROR(DIVIDE(MINUS(E25,D25),D25),) -> 0.08315863 | I25: 30 | J25: 120
B26: 132-NG | C26: Sink Cock (W/M) (Foam Flow) with Flange | D26: =D9 -> 698 | E26: =E9 -> 754 | G26: =IFERROR(DIVIDE(MINUS(E26,D26),D26),) -> 0.080229226 | I26: 13 | J26: 52
B27: 1322-NG | C27: Sink Cock Swan Neck Small Spout (Foam Flow) With Flange | D27: =D10 -> 669.92 | E27: =E10 -> 724 | G27: =IFERROR(DIVIDE(MINUS(E27,D27),D27),) -> 0.080726057 | I27: 30 | J27: 120
B28: 133-NG | C28: Sink Cock Swan Neck (T/M) Square Spout (Foam Flow) with Flange | D28: =D11 -> 739.88678 | E28: =E11 -> 798 | G28: =IFERROR(DIVIDE(MINUS(E28,D28),D28),) -> 0.07854339 | I28: 13 | J28: 52
B29: 134-NG | C29: Sink Mixer (Foam Flow) with Flange | D29: =D12 -> 1666.32 | E29: =E12 -> 1798 | G29: =IFERROR(DIVIDE(MINUS(E29,D29),D29),) -> 0.079024437 | I29: 13 | J29: 52
B30: 135-NG | C30: Wall Mixer (Foam Flow) with Flange | D30: =D13 -> 1620 | E30: =E13 -> 1748 | G30: =IFERROR(DIVIDE(MINUS(E30,D30),D30),) -> 0.079012346 | I30: 13 | J30: 52
B31: 1374-NG | C31: 2 in 1 Telephonic Wall Mixer with Crutch & Hand Shower with 1.5 Mtr Tube | D31: =D14 -> 2217.52 | E31: =E14 -> 2394 | G31: =IFERROR(DIVIDE(MINUS(E31,D31),D31),) -> 0.079584401
B32: 1375-NG | C32: Wall Mixer L Bend (Foam Flow) With Flange | D32: =D15 -> 1890 | E32: =E15 -> 2044 | G32: =IFERROR(DIVIDE(MINUS(E32,D32),D32),) -> 0.081481481 | I32: 6 | J32: 24
B33: 144-NG | C33: Angle Cock with Flange | D33: =D16 -> 288.32 | E33: =E16 -> 312 | G33: =IFERROR(DIVIDE(MINUS(E33,D33),D33),) -> 0.082130966 | I33: 66 | J33: 198
B34: 145-NG | C34: 2 Way Angle Cock (Foam Flow) with Flange | D34: =D17 -> 538.4376 | E34: =E17 -> 582 | G34: =IFERROR(DIVIDE(MINUS(E34,D34),D34),) -> 0.080905197 | I34: 35 | J34: 140
B35: 147-NG | C35: Sink Cock Swan Neck (T/M) Square Spout (Foam Flow) with Flange | D35: =D18 -> 756 | E35: =E18 -> 814 | G35: =IFERROR(DIVIDE(MINUS(E35,D35),D35),) -> 0.076719577 | I35: 30 | J35: 120
B37: Novo Wine Series
B38: 123-NNW | C38: Bib Cock (Foam Flow) with Flange | D38: =D21 -> 315.88 | E38: =E21 -> 342 | G38: =IFERROR(DIVIDE(MINUS(E38,D38),D38),) -> 0.082689629 | I38: 54 | J38: 216
B39: 124-NW | C39: Long Body Bib Cock (Foam Flow) with Flange | D39: =D22 -> 383.72 | E39: =E22 -> 416 | G39: =IFERROR(DIVIDE(MINUS(E39,D39),D39),) -> 0.08412384 | I39: 33 | J39: 132
B40: 127-NW | C40: Bib Cock Nozzle with Flange | D40: =D23 -> 351.92 | E40: =E23 -> 378 | G40: =IFERROR(DIVIDE(MINUS(E40,D40),D40),) -> 0.074107752 | I40: 33 | J40: 132
B41: 129-NW | C41: 2 Way Bib Cock (Foam Flow) with Flange | D41: =D24 -> 606.32 | E41: =E24 -> 654 | G41: =IFERROR(DIVIDE(MINUS(E41,D41),D41),) -> 0.078638343 | I41: 28 | J41: 112
B42: 130-NW | C42: Pillar Cock (Foam Flow) with Flange | D42: =D25 -> 457.92 | E42: =E25 -> 496 | G42: =IFERROR(DIVIDE(MINUS(E42,D42),D42),) -> 0.08315863 | I42: 30 | J42: 120
B43: 132-NW | C43: Sink Cock (W/M) (Foam Flow) with Flange | D43: =D26 -> 698 | E43: =E26 -> 754 | G43: =IFERROR(DIVIDE(MINUS(E43,D43),D43),) -> 0.080229226 | I43: 13 | J43: 52
B44: 1322-NW | C44: Sink Cock Swan Neck Small Spout (Foam Flow) With Flange | D44: =D27 -> 669.92 | E44: =E27 -> 724 | G44: =IFERROR(DIVIDE(MINUS(E44,D44),D44),) -> 0.080726057 | I44: 30 | J44: 120
B45: 133-NW | C45: Sink Cock Swan Neck (T/M) Square Spout (Foam Flow) with Flange | D45: =D28 -> 739.88678 | E45: =E28 -> 798 | G45: =IFERROR(DIVIDE(MINUS(E45,D45),D45),) -> 0.07854339 | I45: 13 | J45: 52
B46: 134-NW | C46: Sink Mixer (Foam Flow) with Flange | D46: =D29 -> 1666.32 | E46: =E29 -> 1798 | G46: =IFERROR(DIVIDE(MINUS(E46,D46),D46),) -> 0.079024437 | I46: 13 | J46: 52
B47: 135-NW | C47: Wall Mixer (Foam Flow) with Flange | D47: =D30 -> 1620 | E47: =E30 -> 1748 | G47: =IFERROR(DIVIDE(MINUS(E47,D47),D47),) -> 0.079012346 | I47: 13 | J47: 52
B48: 1374-NW | C48: 2 in 1 Telephonic Wall Mixer with Crutch & Hand Shower with 1.5 Mtr Tube | D48: =D31 -> 2217.52 | E48: =E31 -> 2394 | G48: =IFERROR(DIVIDE(MINUS(E48,D48),D48),) -> 0.079584401
B49: 1375-NW | C49: Wall Mixer L Bend (Foam Flow) With Flange | D49: =D32 -> 1890 | E49: =E32 -> 2044 | G49: =IFERROR(DIVIDE(MINUS(E49,D49),D49),) -> 0.081481481 | I49: 6 | J49: 24
B50: 144-NW | C50: Angle Cock with Flange | D50: =D33 -> 288.32 | E50: =E33 -> 312 | G50: =IFERROR(DIVIDE(MINUS(E50,D50),D50),) -> 0.082130966 | I50: 66 | J50: 198
B51: 145-NW | C51: 2 Way Angle Cock (Foam Flow) with Flange | D51: =D34 -> 538.4376 | E51: =E34 -> 582 | G51: =IFERROR(DIVIDE(MINUS(E51,D51),D51),) -> 0.080905197 | I51: 35 | J51: 140
B52: 147-NW | C52: Sink Cock Swan Neck (T/M) Square Spout (Foam Flow) with Flange | D52: =D35 -> 756 | E52: =E35 -> 814 | G52: =IFERROR(DIVIDE(MINUS(E52,D52),D52),) -> 0.076719577 | I52: 30 | J52: 120
B54: Novo Peach Series
B55: 123-NNP | C55: Bib Cock (Foam Flow) with Flange | D55: =D38 -> 315.88 | E55: =E38 -> 342 | G55: =IFERROR(DIVIDE(MINUS(E55,D55),D55),) -> 0.082689629 | I55: 54 | J55: 216
B56: 124-NP | C56: Long Body Bib Cock (Foam Flow) with Flange | D56: =D39 -> 383.72 | E56: =E39 -> 416 | G56: =IFERROR(DIVIDE(MINUS(E56,D56),D56),) -> 0.08412384 | I56: 33 | J56: 132
B57: 127-NP | C57: Bib Cock Nozzle with Flange | D57: =D40 -> 351.92 | E57: =E40 -> 378 | G57: =IFERROR(DIVIDE(MINUS(E57,D57),D57),) -> 0.074107752 | I57: 33 | J57: 132
B58: 129-NP | C58: 2 Way Bib Cock (Foam Flow) with Flange | D58: =D41 -> 606.32 | E58: =E41 -> 654 | G58: =IFERROR(DIVIDE(MINUS(E58,D58),D58),) -> 0.078638343 | I58: 28 | J58: 112
B59: 130-NP | C59: Pillar Cock (Foam Flow) with Flange | D59: =D42 -> 457.92 | E59: =E42 -> 496 | G59: =IFERROR(DIVIDE(MINUS(E59,D59),D59),) -> 0.08315863 | I59: 30 | J59: 120
B60: 132-NP | C60: Sink Cock (W/M) (Foam Flow) with Flange | D60: =D43 -> 698 | E60: =E43 -> 754 | G60: =IFERROR(DIVIDE(MINUS(E60,D60),D60),) -> 0.080229226 | I60: 13 | J60: 52
B61: 1322-NP | C61: Sink Cock Swan Neck Small Spout (Foam Flow) With Flange | D61: =D44 -> 669.92 | E61: =E44 -> 724 | G61: =IFERROR(DIVIDE(MINUS(E61,D61),D61),) -> 0.080726057 | I61: 30 | J61: 120
B62: 133-NP | C62: Sink Cock Swan Neck (T/M) Square Spout (Foam Flow) with Flange | D62: =D45 -> 739.88678 | E62: =E45 -> 798 | G62: =IFERROR(DIVIDE(MINUS(E62,D62),D62),) -> 0.07854339 | I62: 13 | J62: 52
B63: 134-NP | C63: Sink Mixer (Foam Flow) with Flange | D63: =D46 -> 1666.32 | E63: =E46 -> 1798 | G63: =IFERROR(DIVIDE(MINUS(E63,D63),D63),) -> 0.079024437 | I63: 13 | J63: 52
B64: 135-NP | C64: Wall Mixer (Foam Flow) with Flange | D64: =D47 -> 1620 | E64: =E47 -> 1748 | G64: =IFERROR(DIVIDE(MINUS(E64,D64),D64),) -> 0.079012346 | I64: 13 | J64: 52
B65: 1374-NP | C65: 2 in 1 Telephonic Wall Mixer with Crutch & Hand Shower with 1.5 Mtr Tube | D65: =D48 -> 2217.52 | E65: =E48 -> 2394 | G65: =IFERROR(DIVIDE(MINUS(E65,D65),D65),) -> 0.079584401
B66: 1375-NP | C66: Wall Mixer L Bend (Foam Flow) With Flange | D66: =D49 -> 1890 | E66: =E49 -> 2044 | G66: =IFERROR(DIVIDE(MINUS(E66,D66),D66),) -> 0.081481481 | I66: 6 | J66: 24
B67: 144-NP | C67: Angle Cock with Flange | D67: =D50 -> 288.32 | E67: =E50 -> 312 | G67: =IFERROR(DIVIDE(MINUS(E67,D67),D67),) -> 0.082130966 | I67: 66 | J67: 198
B68: 145-NP | C68: 2 Way Angle Cock (Foam Flow) with Flange | D68: =D51 -> 538.4376 | E68: =E51 -> 582 | G68: =IFERROR(DIVIDE(MINUS(E68,D68),D68),) -> 0.080905197 | I68: 35 | J68: 140
B69: 147-NP | C69: Sink Cock Swan Neck (T/M) Square Spout (Foam Flow) with Flange | D69: =D52 -> 756 | E69: =E52 -> 814 | G69: =IFERROR(DIVIDE(MINUS(E69,D69),D69),) -> 0.076719577 | I69: 30 | J69: 120
B71: Novo Dark Blue Series
B72: 123-NNB | C72: Bib Cock (Foam Flow) with Flange | D72: =D55 -> 315.88 | E72: =E55 -> 342 | G72: =IFERROR(DIVIDE(MINUS(E72,D72),D72),) -> 0.082689629 | I72: 54 | J72: 216
B73: 124-NB | C73: Long Body Bib Cock (Foam Flow) with Flange | D73: =D56 -> 383.72 | E73: =E56 -> 416 | G73: =IFERROR(DIVIDE(MINUS(E73,D73),D73),) -> 0.08412384 | I73: 33 | J73: 132
B74: 127-NB | C74: Bib Cock Nozzle with Flange | D74: =D57 -> 351.92 | E74: =E57 -> 378 | G74: =IFERROR(DIVIDE(MINUS(E74,D74),D74),) -> 0.074107752 | I74: 33 | J74: 132
B75: 129-NB | C75: 2 Way Bib Cock (Foam Flow) with Flange | D75: =D58 -> 606.32 | E75: =E58 -> 654 | G75: =IFERROR(DIVIDE(MINUS(E75,D75),D75),) -> 0.078638343 | I75: 28 | J75: 112
B76: 130-NB | C76: Pillar Cock (Foam Flow) with Flange | D76: =D59 -> 457.92 | E76: =E59 -> 496 | G76: =IFERROR(DIVIDE(MINUS(E76,D76),D76),) -> 0.08315863 | I76: 30 | J76: 120
B77: 132-NB | C77: Sink Cock (W/M) (Foam Flow) with Flange | D77: =D60 -> 698 | E77: =E60 -> 754 | G77: =IFERROR(DIVIDE(MINUS(E77,D77),D77),) -> 0.080229226 | I77: 13 | J77: 52
B78: 1322-NB | C78: Sink Cock Swan Neck Small Spout (Foam Flow) With Flange | D78: =D61 -> 669.92 | E78: =E61 -> 724 | G78: =IFERROR(DIVIDE(MINUS(E78,D78),D78),) -> 0.080726057 | I78: 30 | J78: 120
B79: 133-NB | C79: Sink Cock Swan Neck (T/M) Square Spout (Foam Flow) with Flange | D79: =D62 -> 739.88678 | E79: =E62 -> 798 | G79: =IFERROR(DIVIDE(MINUS(E79,D79),D79),) -> 0.07854339 | I79: 13 | J79: 52
B80: 134-NB | C80: Sink Mixer (Foam Flow) with Flange | D80: =D63 -> 1666.32 | E80: =E63 -> 1798 | G80: =IFERROR(DIVIDE(MINUS(E80,D80),D80),) -> 0.079024437 | I80: 13 | J80: 52
B81: 135-NB | C81: Wall Mixer (Foam Flow) with Flange | D81: =D64 -> 1620 | E81: =E64 -> 1748 | G81: =IFERROR(DIVIDE(MINUS(E81,D81),D81),) -> 0.079012346 | I81: 13 | J81: 52
B82: 1374-NB | C82: 2 in 1 Telephonic Wall Mixer with Crutch & Hand Shower with 1.5 Mtr Tube | D82: =D65 -> 2217.52 | E82: =E65 -> 2394 | G82: =IFERROR(DIVIDE(MINUS(E82,D82),D82),) -> 0.079584401
B83: 1375-NB | C83: Wall Mixer L Bend (Foam Flow) With Flange | D83: =D66 -> 1890 | E83: =E66 -> 2044 | G83: =IFERROR(DIVIDE(MINUS(E83,D83),D83),) -> 0.081481481 | I83: 6 | J83: 24
B84: 144-NB | C84: Angle Cock with Flange | D84: =D67 -> 288.32 | E84: =E67 -> 312 | G84: =IFERROR(DIVIDE(MINUS(E84,D84),D84),) -> 0.082130966 | I84: 66 | J84: 198
B85: 145-NB | C85: 2 Way Angle Cock (Foam Flow) with Flange | D85: =D68 -> 538.4376 | E85: =E68 -> 582 | G85: =IFERROR(DIVIDE(MINUS(E85,D85),D85),) -> 0.080905197 | I85: 35 | J85: 140
B86: 147-NB | C86: Sink Cock Swan Neck (T/M) Square Spout (Foam Flow) with Flange | D86: =D69 -> 756 | E86: =E69 -> 814 | G86: =IFERROR(DIVIDE(MINUS(E86,D86),D86),) -> 0.076719577 | I86: 30 | J86: 120
B88: Novo Black Series
B89: 123-NNBB | C89: Bib Cock (Foam Flow) with Flange | D89: =D72 -> 315.88 | E89: =E72 -> 342 | G89: =IFERROR(DIVIDE(MINUS(E89,D89),D89),) -> 0.082689629 | I89: 54 | J89: 216
B90: 124-NBB | C90: Long Body Bib Cock (Foam Flow) with Flange | D90: =D73 -> 383.72 | E90: =E73 -> 416 | G90: =IFERROR(DIVIDE(MINUS(E90,D90),D90),) -> 0.08412384 | I90: 33 | J90: 132
B91: 127-NBB | C91: Bib Cock Nozzle with Flange | D91: =D74 -> 351.92 | E91: =E74 -> 378 | G91: =IFERROR(DIVIDE(MINUS(E91,D91),D91),) -> 0.074107752 | I91: 33 | J91: 132
B92: 129-NBB | C92: 2 Way Bib Cock (Foam Flow) with Flange | D92: =D75 -> 606.32 | E92: =E75 -> 654 | G92: =IFERROR(DIVIDE(MINUS(E92,D92),D92),) -> 0.078638343 | I92: 28 | J92: 112
B93: 130-NBB | C93: Pillar Cock (Foam Flow) with Flange | D93: =D76 -> 457.92 | E93: =E76 -> 496 | G93: =IFERROR(DIVIDE(MINUS(E93,D93),D93),) -> 0.08315863 | I93: 30 | J93: 120
B94: 132-NBB | C94: Sink Cock (W/M) (Foam Flow) with Flange | D94: =D77 -> 698 | E94: =E77 -> 754 | G94: =IFERROR(DIVIDE(MINUS(E94,D94),D94),) -> 0.080229226 | I94: 13 | J94: 52
B95: 1322-NBB | C95: Sink Cock Swan Neck Small Spout (Foam Flow) With Flange | D95: =D78 -> 669.92 | E95: =E78 -> 724 | G95: =IFERROR(DIVIDE(MINUS(E95,D95),D95),) -> 0.080726057 | I95: 30 | J95: 120
B96: 133-NBB | C96: Sink Cock Swan Neck (T/M) Square Spout (Foam Flow) with Flange | D96: =D79 -> 739.88678 | E96: =E79 -> 798 | G96: =IFERROR(DIVIDE(MINUS(E96,D96),D96),) -> 0.07854339 | I96: 13 | J96: 52
B97: 134-NBB | C97: Sink Mixer (Foam Flow) with Flange | D97: =D80 -> 1666.32 | E97: =E80 -> 1798 | G97: =IFERROR(DIVIDE(MINUS(E97,D97),D97),) -> 0.079024437 | I97: 13 | J97: 52
B98: 135-NBB | C98: Wall Mixer (Foam Flow) with Flange | D98: =D81 -> 1620 | E98: =E81 -> 1748 | G98: =IFERROR(DIVIDE(MINUS(E98,D98),D98),) -> 0.079012346 | I98: 13 | J98: 52
B99: 1374-NBB | C99: 2 in 1 Telephonic Wall Mixer with Crutch & Hand Shower with 1.5 Mtr Tube | D99: =D82 -> 2217.52 | E99: =E82 -> 2394 | G99: =IFERROR(DIVIDE(MINUS(E99,D99),D99),) -> 0.079584401
B100: 1375-NBB | C100: Wall Mixer L Bend (Foam Flow) With Flange | D100: =D83 -> 1890 | E100: =E83 -> 2044 | G100: =IFERROR(DIVIDE(MINUS(E100,D100),D100),) -> 0.081481481 | I100: 6 | J100: 24
B101: 144-NBB | C101: Angle Cock with Flange | D101: =D84 -> 288.32 | E101: =E84 -> 312 | G101: =IFERROR(DIVIDE(MINUS(E101,D101),D101),) -> 0.082130966 | I101: 66 | J101: 198
B102: 145-NBB | C102: 2 Way Angle Cock (Foam Flow) with Flange | D102: =D85 -> 538.4376 | E102: =E85 -> 582 | G102: =IFERROR(DIVIDE(MINUS(E102,D102),D102),) -> 0.080905197 | I102: 35 | J102: 140
B103: 147-NBB | C103: Sink Cock Swan Neck (T/M) Square Spout (Foam Flow) with Flange | D103: =D86 -> 756 | E103: =E86 -> 814 | G103: =IFERROR(DIVIDE(MINUS(E103,D103),D103),) -> 0.076719577 | I103: 30 | J103: 120
B105: Ultra Wine Series | G105: =IFERROR(DIVIDE(MINUS(E105,D105),E105),)
B106: 123-UW | C106: Bib Cock Fancy 15mm (Foam Flow) with Flange | D106: 419.5056 | E106: 452 | F106: =H106*$H$2 -> 451.56 | G106: =IFERROR(DIVIDE(MINUS(E106,D106),D106),) -> 0.077458799 | H106: =VLOOKUP(M106,'NEW PTMT'!$B$4:$E1406,4,0) -> 426 | I106: 33 | J106: 132 | M106: 123-U
B107: 124-UW | C107: Bib Cock Long Body 15mm (Foam Flow) with Flange | D107: 516 | E107: 558 | F107: =H107*$H$2 -> 557.56 | G107: =IFERROR(DIVIDE(MINUS(E107,D107),D107),) -> 0.081395349 | H107: =VLOOKUP(M107,'NEW PTMT'!$B$4:$E1406,4,0) -> 526 | I107: 33 | J107: 99 | M107: 124-U
...

Sheet NEW CISTERN & SEAT COVER
B2: Cat No. | C2: Name | D2: 5th Mar, 2026 | E2: 01st Sep, 2026 | F2: Diff. in %age | G2: COUPON | I2: Master Box | J2: Master Box Packing
B3: Cistern | E3: 0.04
B4: 501 | C4: Smart Flush Cistern | D4: 1650 | E4: 1780 | F4: =IFERROR(DIVIDE(MINUS(E4,D4),D4),) -> 0.078787879 | G4: 5 | I4: {=IFERROR(VLOOKUP(B4:B971,PACKING!$A$3:$D971,{3,4},0),"")} -> 10 | J4: 10
B5: 501S | C5: Saga Flush Cistern | D5: 1670 | E5: 1790 | F5: =IFERROR(DIVIDE(MINUS(E5,D5),D5),) -> 0.071856287 | G5: 5 | I5: 10 | J5: 10
B6: 502 | C6: Dual Flush Cistern (10 Ltr.) | D6: 1920 | E6: 2070 | F6: =IFERROR(DIVIDE(MINUS(E6,D6),D6),) -> 0.078125 | G6: 10 | I6: 10 | J6: 10
B7: 503 | C7: Vintage Single Flush Cistern (10 Ltr.) | D7: 1610 | E7: 1740 | F7: =IFERROR(DIVIDE(MINUS(E7,D7),D7),) -> 0.080745342 | G7: 5 | I7: 10 | J7: 10
B8: 504 | C8: Vintage Dual Flush Cistern (5/10 Ltr.) | D8: 1870 | E8: 2020 | F8: =IFERROR(DIVIDE(MINUS(E8,D8),D8),) -> 0.080213904 | G8: 10 | I8: 10 | J8: 10
B9: 506 | C9: Elantra Dual Flush Cistern (3/6 Ltr.) | D9: 1930 | E9: 2090 | F9: =IFERROR(DIVIDE(MINUS(E9,D9),D9),) -> 0.082901554 | G9: 10 | I9: 10 | J9: 10
B10: 507 | C10: Urbona Single Flush Cistern (6 Ltr.) | D10: 1509.6 | E10: 1630 | F10: =IFERROR(DIVIDE(MINUS(E10,D10),D10),) -> 0.079756227 | G10: 5 | I10: 10 | J10: 10
B11: 508 | C11: Urbona Dual Flush Cistern (3/6 Ltr.)-ISI | D11: 1880 | E11: 2030 | F11: =IFERROR(DIVIDE(MINUS(E11,D11),D11),) -> 0.079787234 | G11: 10 | I11: 10 | J11: 10
B12: 701 | C12: Gracia Flush Cistern (10 Ltr.) | D12: 1450 | E12: 1570 | F12: =IFERROR(DIVIDE(MINUS(E12,D12),D12),) -> 0.082758621 | G12: 5 | I12: 10 | J12: 10
B13: 702 | C13: Macasa Single Flush Cistern | D13: 1420 | E13: 1540 | F13: =IFERROR(DIVIDE(MINUS(E13,D13),D13),) -> 0.084507042 | G13: 5 | I13: 10 | J13: 10
B14: 703 | C14: Macasa Dual Flush Cistern (10 Ltr.) | D14: 1870 | E14: 2020 | F14: =IFERROR(DIVIDE(MINUS(E14,D14),D14),) -> 0.080213904 | G14: 10 | I14: 10 | J14: 10
B15: 704 | C15: Divine Single Flush Cistern (10 Ltr.) | D15: 1390 | E15: 1490 | F15: =IFERROR(DIVIDE(MINUS(E15,D15),D15),) -> 0.071942446 | G15: 5 | I15: 10 | J15: 10
B16: 705 | C16: Cairo Dual Flush Cistern (10 Ltr.) | D16: 1930 | E16: 2090 | F16: =IFERROR(DIVIDE(MINUS(E16,D16),D16),) -> 0.082901554 | G16: 10 | I16: 10 | J16: 10
B17: 706 | C17: Iris Single Flush Cistern (10 Ltr.) | D17: 1590 | E17: 1720 | F17: =IFERROR(DIVIDE(MINUS(E17,D17),D17),) -> 0.081761006 | G17: 5 | I17: 10 | J17: 10
B18: 708 | C18: Stella Single Flush Cistern (10 Ltr.) | D18: 1590 | E18: 1720 | F18: =IFERROR(DIVIDE(MINUS(E18,D18),D18),) -> 0.081761006 | G18: 5 | I18: 10 | J18: 10
B19: 501N | C19: Aquifer Flush Cistern with Center Push | D19: 1710 | E19: 1850 | F19: =IFERROR(DIVIDE(MINUS(E19,D19),D19),) -> 0.081871345 | G19: 5 | I19: 10 | J19: 10
B20: 503N | C20: Glecy Flush Cistern with Center Push | D20: 1710 | E20: 1850 | F20: =IFERROR(DIVIDE(MINUS(E20,D20),D20),) -> 0.081871345 | G20: 5 | I20: 10 | J20: 10
B21: 701N | C21: Gala Flush Cistern with Center Push | D21: 1490 | E21: 1590 | F21: =IFERROR(DIVIDE(MINUS(E21,D21),D21),) -> 0.067114094 | G21: 5 | I21: 10 | J21: 10
F22: =IFERROR(DIVIDE(MINUS(E22,D22),E22),)
B23: Mute Series - Soft Close | F23: =IFERROR(DIVIDE(MINUS(E23,D23),E23),)
B24: 723 | C24: M-Gold Soft Close-ISI | D24: 960 | E24: 1040 | F24: =IFERROR(DIVIDE(MINUS(E24,D24),D24),) -> 0.083333333 | I24: 20 | J24: 20
B25: 724 | C25: M-Premium Soft Close | D25: 960 | E25: 1040 | F25: =IFERROR(DIVIDE(MINUS(E25,D25),D25),) -> 0.083333333 | I25: 20 | J25: 20
B26: 725 | C26: M-Cascade Soft Close | D26: 960 | E26: 1040 | F26: =IFERROR(DIVIDE(MINUS(E26,D26),D26),) -> 0.083333333 | I26: 20 | J26: 20
B27: 722 | C27: M-Pulse Soft Close | D27: 960 | E27: 1040 | F27: =IFERROR(DIVIDE(MINUS(E27,D27),D27),) -> 0.083333333 | I27: 20 | J27: 20
F28: =IFERROR(DIVIDE(MINUS(E28,D28),E28),)
B29: Toilet Seat Covers | F29: =IFERROR(DIVIDE(MINUS(E29,D29),E29),)
B30: 511 | C30: Cosmo | D30: 674 | E30: 728 | F30: =IFERROR(DIVIDE(MINUS(E30,D30),D30),) -> 0.080118694 | I30: 15 | J30: 15
B31: 512 | C31: Ultra Cascade | D31: 832.32 | E31: 898 | F31: =IFERROR(DIVIDE(MINUS(E31,D31),D31),) -> 0.078911957 | I31: 12 | J31: 12
B32: 513 | C32: Standard | D32: 731.952 | E32: 792 | F32: =IFERROR(DIVIDE(MINUS(E32,D32),D32),) -> 0.082038166 | I32: 20 | J32: 20
B33: 514 | C33: Royal Jet without Pipe | D33: 860 | E33: 930 | F33: =IFERROR(DIVIDE(MINUS(E33,D33),D33),) -> 0.081395349 | I33: 12 | J33: 12
B34: 514-T | C34: Royal Jet with Pipe | D34: 907.8 | E34: 980 | F34: =IFERROR(DIVIDE(MINUS(E34,D34),D34),) -> 0.079532937 | I34: 12 | J34: 12
B35: 515 | C35: Waves-ISI | D35: 868 | E35: 938 | F35: =IFERROR(DIVIDE(MINUS(E35,D35),D35),) -> 0.080645161 | I35: 15 | J35: 15
B36: 516 | C36: Vintage | D36: 786 | E36: 848 | F36: =IFERROR(DIVIDE(MINUS(E36,D36),D36),) -> 0.078880407 | I36: 20 | J36: 20
B37: 516-S | C37: Vintage Deluxe | D37: 786 | E37: 848 | F37: =IFERROR(DIVIDE(MINUS(E37,D37),D37),) -> 0.078880407 | I37: 20 | J37: 20
B38: 517 | C38: Anglo Indian | D38: 933.504 | E38: 998 | F38: =IFERROR(DIVIDE(MINUS(E38,D38),D38),) -> 0.069090224 | I38: 15 | J38: 15
B39: 721 | C39: Saga | D39: 622.2 | E39: 672 | F39: =IFERROR(DIVIDE(MINUS(E39,D39),D39),) -> 0.080038573 | I39: 20 | J39: 20
B40: 518 | C40: Glaze | D40: 990 | E40: 1068 | F40: =IFERROR(DIVIDE(MINUS(E40,D40),D40),) -> 0.078787879 | I40: 20 | J40: 20
F41: =IFERROR(DIVIDE(MINUS(E41,D41),E41),)
B42: Concealed Cistern | F42: =IFERROR(DIVIDE(MINUS(E42,D42),E42),)
B43: 4043 | C43: Twin Flush Concealed Cistern without Top Push Knob (Suitable for all wall hung Wcs) | D43: 4290 | E43: 4630 | F43: =IFERROR(DIVIDE(MINUS(E43,D43),D43),) -> 0.079254079
B44: 4044 | C44: Actuator Knob Square Type Gloss Finished | D44: 1730 | E44: 1870 | F44: =IFERROR(DIVIDE(MINUS(E44,D44),D44),) -> 0.080924855
B45: 4045 | C45: Actuator Knob Round Type Gloss Finished | D45: 1730 | E45: 1870 | F45: =IFERROR(DIVIDE(MINUS(E45,D45),D45),) -> 0.080924855
B47: Cistern's & Seat Cover's Accessories | F47: =IFERROR(DIVIDE(MINUS(E47,D47),E47),)
B48: SP-02 | C48: Syphon Single Flush | D48: 348 | E48: 376 | F48: =IFERROR(DIVIDE(MINUS(E48,D48),D48),) -> 0.08045977 | I48: 50 | J48: 50
B49: LB-01 | C49: Cistern Long-Bend | D49: 236 | E49: 256 | F49: =IFERROR(DIVIDE(MINUS(E49,D49),D49),) -> 0.084745763 | I49: 100 | J49: 100
B50: SB-01 | C50: Cistern Short-Bend | D50: 193.8 | E50: 208 | F50: =IFERROR(DIVIDE(MINUS(E50,D50),D50),) -> 0.073271414 | I50: 100 | J50: 200
B51: CB-02 | C51: Cistern Long-Bend (2 Pc Pack) | D51: 246 | E51: 266 | F51: =IFERROR(DIVIDE(MINUS(E51,D51),D51),) -> 0.081300813 | I51: 100 | J51: 100
B52: CS-01 | C52: Cistern Handle | D52: 81.6 | E52: 88 | F52: =IFERROR(DIVIDE(MINUS(E52,D52),D52),) -> 0.078431373 | I52: 1000 | J52: 1000
B53: CH-01 | C53: Cistern Handle Lever | D53: 81.6 | E53: 88 | F53: =IFERROR(DIVIDE(MINUS(E53,D53),D53),) -> 0.078431373 | I53: 1000 | J53: 1000
B54: DB-02 | C54: Ball Cock+Ball (ISI) | D54: 256 | E54: 276 | F54: =IFERROR(DIVIDE(MINUS(E54,D54),D54),) -> 0.078125 | I54: 50 | J54: 50
B55: DB-02 L | C55: Ball Cock+Ball (ISI) | D55: 256 | E55: 276 | F55: =IFERROR(DIVIDE(MINUS(E55,D55),D55),) -> 0.078125 | I55: 50 | J55: 50
B56: DB-04 | C56: Ball Cock | D56: 74 | E56: 80 | F56: =IFERROR(DIVIDE(MINUS(E56,D56),D56),) -> 0.081081081 | I56: 50 | J56: 50
B57: DB-01 | C57: Dual Push Button | D57: 183.6 | E57: 198 | F57: =IFERROR(DIVIDE(MINUS(E57,D57),D57),) -> 0.078431373 | I57: 100 | J57: 100
B58: CF-01 | C58: Comp Internal Fitting for Single Flush Cistern | D58: 756 | E58: 816 | F58: =IFERROR(DIVIDE(MINUS(E58,D58),D58),) -> 0.079365079 | I58: 50 | J58: 50
B59: CF-03 | C59: Comp Internal Fitting for Dual Flush Cistern | D59: 1101.6 | E59: 1188 | F59: =IFERROR(DIVIDE(MINUS(E59,D59),D59),) -> 0.078431373 | I59: 50 | J59: 50
... B62: SF-02 | C62: Complete Internal Fitting for Single Piece - Standard | D62: 980 | E62: 1058 | F62: =IFERROR(DIVIDE(MINUS(E62,D62),D62),) -> 0.079591837 | I62: 50 | J62: 50
F63: =IFERROR(DIVIDE(MINUS(E63,D63),E63),)
B64: P.T.M.T. Spindles Set Accessories | F64: =IFERROR(DIVIDE(MINUS(E64,D64),E64),)
B65: H-1 | C65: Standard Range-Old Handle | D65: 61.5264 | E65: 66 | F65: =IFERROR(DIVIDE(MINUS(E65,D65),D65),) -> 0.072710251 | I65: 1000
B66: H-2 | C66: Standard Range-New Handle | D66: 77.52 | E66: 84 | F66: =IFERROR(DIVIDE(MINUS(E66,D66),D66),) -> 0.083591331 | I66: 1000
B67: H-3 | C67: Ibix Series Handle | D67: 79.56 | E67: 86 | F67: =IFERROR(DIVIDE(MINUS(E67,D67),D67),) -> 0.080945199 | I67: 1000
B68: H-4 | C68: Roman Range Handle | D68: 72 | E68: 78 | F68: =IFERROR(DIVIDE(MINUS(E68,D68),D68),) -> 0.083333333 | I68: 1000
B69: H-5 | C69: Quadra Series Handle | D69: 77.52 | E69: 84 | F69: =IFERROR(DIVIDE(MINUS(E69,D69),D69),) -> 0.083591331 | I69: 1000
B70: 300 | C70: Complete Internal Fitting | D70: 101.8368 | E70: 110 | F70: =IFERROR(DIVIDE(MINUS(E70,D70),D70),) -> 0.080159628 | I70: 1000
B71: 301 | C71: Bonat-Outer Mohra | D71: 48 | E71: 52 | F71: =IFERROR(DIVIDE(MINUS(E71,D71),D71),) -> 0.083333333 | I71: 1000
B72: 302 | C72: Valve Spindle Set (15mm) | D72: 42 | E72: 46 | F72: =IFERROR(DIVIDE(MINUS(E72,D72),D72),) -> 0.095238095 | I72: 1000
B73: 311 | C73: Ball Cock Chutki 15mm | D73: 40.3104 | E73: 44 | F73: =IFERROR(DIVIDE(MINUS(E73,D73),D73),) -> 0.091529729 | I73: 1000
B74: 312 | C74: Ball Cock Chutki 20mm | D74: 58 | E74: 62 | F74: =IFERROR(DIVIDE(MINUS(E74,D74),D74),) -> 0.068965517 | I74: 1000
B75: 313 | C75: Ball Cock Chutki 25mm | D75: 112.4448 | E75: 122 | F75: =IFERROR(DIVIDE(MINUS(E75,D75),D75),) -> 0.084976806 | I75: 1000
B76: 314 | C76: Ball Cock Chutki 32mm | D76: 142 | E76: 154 | F76: =IFERROR(DIVIDE(MINUS(E76,D76),D76),) -> 0.084507042 | I76: 1000
B77: 315 | C77: Ball Cock Chutki 40mm | D77: 169.728 | E77: 184 | F77: =IFERROR(DIVIDE(MINUS(E77,D77),D77),) -> 0.084087481 | I77: 500
B78: 316 | C78: Ball Cock Chutki 50mm | D78: 185.64 | E78: 198 | F78: =IFERROR(DIVIDE(MINUS(E78,D78),D78),) -> 0.066580478 | I78: 500
F79: =IFERROR(DIVIDE(MINUS(E79,D79),E79),)

Sheet GARDEN PIPE
B2: S.No. | C2: Cat No. | D2: Name | E2: Size (Mtr) | F2: Size (Inch) | G2: 5th Mar, 2026 | H2: 01st Sep, 2026 | I2: Diff. in %age | J2: weight | K2: kg cost
C3: Garden Pipe (Milky / Milky Colour)
B4: 1 | C4: GP-345-MW | D4: Garden Pipe Milky White Plain | E4: 30 Mtr | F4: 1/2" | G4: 1360 | H4: 1470 | I4: =IFERROR(DIVIDE(MINUS(H4,G4),G4),) -> 0.080882353 | J4: 3.8 | K4: =IFERROR(G4/J4,"") -> 357.89474
B5: 2 | C5: GP-345-MY | D5: Garden Pipe Milky Yellow Plain | E5: 30 Mtr | F5: 1/2" | G5: 1360 | H5: 1470 | I5: =IFERROR(DIVIDE(MINUS(H5,G5),G5),) -> 0.080882353 | J5: 3.8 | K5: =IFERROR(G5/J5,"") -> 357.89474
B6: 3 | C6: GP-345-MG | D6: Garden Pipe Milky Green Plain | E6: 30 Mtr | F6: 1/2" | G6: 1360 | H6: 1470 | I6: =IFERROR(DIVIDE(MINUS(H6,G6),G6),) -> 0.080882353 | J6: 3.8 | K6: =IFERROR(G6/J6,"") -> 357.89474
B7: 4 | C7: GP-345-MB | D7: Garden Pipe Milky Blue Plain | E7: 30 Mtr | F7: 1/2" | G7: 1360 | H7: 1470 | I7: =IFERROR(DIVIDE(MINUS(H7,G7),G7),) -> 0.080882353 | J7: 3.8 | K7: =IFERROR(G7/J7,"") -> 357.89474
B8: 5 | C8: GP-345-MO | D8: Garden Pipe Milky Orange Plain | E8: 30 Mtr | F8: 1/2" | G8: 1360 | H8: 1470 | I8: =IFERROR(DIVIDE(MINUS(H8,G8),G8),) -> 0.080882353 | J8: 3.8 | K8: =IFERROR(G8/J8,"") -> 357.89474
B9: 6 | C9: GP-346-MW | D9: Garden Pipe Milky White Plain | E9: 30 Mtr | F9: 3/4" | G9: 1990 | H9: 2150 | I9: =IFERROR(DIVIDE(MINUS(H9,G9),G9),) -> 0.08040201 | J9: 5.5 | K9: =IFERROR(G9/J9,"") -> 361.81818
B10: 7 | C10: GP-346-MY | D10: Garden Pipe Milky Yellow Plain | E10: 30 Mtr | F10: 3/4" | G10: 1990 | H10: 2150 | I10: =IFERROR(DIVIDE(MINUS(H10,G10),G10),) -> 0.08040201 | J10: 5.5 | K10: =IFERROR(G10/J10,"") -> 361.81818
B11: 8 | C11: GP-346-MG | D11: Garden Pipe Milky Green Plain | E11: 30 Mtr | F11: 3/4" | G11: 1990 | H11: 2150 | I11: =IFERROR(DIVIDE(MINUS(H11,G11),G11),) -> 0.08040201 | J11: 5.5 | K11: =IFERROR(G11/J11,"") -> 361.81818
B12: 9 | C12: GP-346-MB | D12: Garden Pipe Milky Blue Plain | E12: 30 Mtr | F12: 3/4" | G12: 1990 | H12: 2150 | I12: =IFERROR(DIVIDE(MINUS(H12,G12),G12),) -> 0.08040201 | J12: 5.5 | K12: =IFERROR(G12/J12,"") -> 361.81818
B13: 10 | C13: GP-346-MO | D13: Garden Pipe Milky Orange Plain | E13: 30 Mtr | F13: 3/4" | G13: 1990 | H13: 2150 | I13: =IFERROR(DIVIDE(MINUS(H13,G13),G13),) -> 0.08040201 | J13: 5.5 | K13: =IFERROR(G13/J13,"") -> 361.81818
B14: 11 | C14: GP-364-MW | D14: Garden Pipe Milky White Plain | E14: 30 Mtr | F14: 1" | G14: 2790 | H14: 3010 | I14: =IFERROR(DIVIDE(MINUS(H14,G14),G14),) -> 0.078853047 | J14: 7.5 | K14: =IFERROR(G14/J14,"") -> 372
B15: 12 | C15: GP-364-MG | D15: Garden Pipe Milky Green Plain | E15: 30 Mtr | F15: 1" | G15: 2790 | H15: 3010 | I15: =IFERROR(DIVIDE(MINUS(H15,G15),G15),) -> 0.078853047 | J15: 7.5 | K15: =IFERROR(G15/J15,"") -> 372
... B18: 15 | C18: GP-367-MW | D18: Garden Pipe Milky White Plain | E18: 30 Mtr | F18: 1-1/4" | G18: 4490 | H18: 4850 | I18: =IFERROR(DIVIDE(MINUS(H18,G18),G18),) -> 0.080178174 | J18: 11.5 | K18: =IFERROR(G18/J18,"") -> 390.43478
C20: Garden Pipe (Transparent / Transparent Colour)
B21: 1 | C21: GP-345-TT | D21: Garden Pipe Transparent Plain | E21: 30 Mtr | F21: 1/2" | G21: 1360 | H21: 1470 | I21: =IFERROR(DIVIDE(MINUS(H21,G21),G21),) -> 0.080882353
B22: 2 | C22: GP-345-TY | D22: Garden Pipe Transparent Yellow Plain | E22: 30 Mtr | F22: 1/2" | G22: 1360 | H22: 1470 | I22: =IFERROR(DIVIDE(MINUS(H22,G22),G22),) -> 0.080882353
B23: 3 | C23: GP-345-TG | D23: Garden Pipe Transparent Green Plain | E23: 30 Mtr | F23: 1/2" | G23: 1360 | H23: 1470 | I23: =IFERROR(DIVIDE(MINUS(H23,G23),G23),) -> 0.080882353
B24: 4 | C24: GP-345-TB | D24: Garden Pipe Transparent Blue Plain | E24: 30 Mtr | F24: 1/2" | G24: 1360 | H24: 1470 | I24: =IFERROR(DIVIDE(MINUS(H24,G24),G24),) -> 0.080882353
B25: 5 | C25: GP-345-TO | D25: Garden Pipe Transparent Orange Plain | E25: 30 Mtr | F25: 1/2" | G25: 1360 | H25: 1470 | I25: =IFERROR(DIVIDE(MINUS(H25,G25),G25),) -> 0.080882353
B26: 6 | C26: GP-346-TT | D26: Garden Pipe Transparent Plain | E26: 30 Mtr | F26: 3/4" | G26: 1990 | H26: 2150 | I26: =IFERROR(DIVIDE(MINUS(H26,G26),G26),) -> 0.08040201
B27: 7 | C27: GP-346-TG | D27: Garden Pipe Transparent Green Plain | E27: 30 Mtr | F27: 3/4" | G27: 1990 | H27: 2150 | I27: =IFERROR(DIVIDE(MINUS(H27,G27),G27),) -> 0.08040201
B28: 8 | C28: GP-346-TB | D28: Garden Pipe Transparent Blue Plain | E28: 30 Mtr | F28: 3/4" | G28: 1990 | H28: 2150 | I28: =IFERROR(DIVIDE(MINUS(H28,G28),G28),) -> 0.08040201
B29: 9 | C29: GP-346-TO | D29: Garden Pipe Transparent Orange Plain | E29: 30 Mtr | F29: 3/4" | G29: 1990 | H29: 2150 | I29: =IFERROR(DIVIDE(MINUS(H29,G29),G29),) -> 0.08040201
B30: 10 | C30: GP-346-TY | D30: Garden Pipe Transparent Yellow Plain | E30: 30 Mtr | F30: 3/4" | G30: 1990 | H30: 2150 | I30: =IFERROR(DIVIDE(MINUS(H30,G30),G30),) -> 0.08040201
B31: 11 | C31: GP-364-TT | D31: Garden Pipe Transparent Plain | E31: 30 Mtr | F31: 1" | G31: 2790 | H31: 3010 | I31: =IFERROR(DIVIDE(MINUS(H31,G31),G31),) -> 0.078853047
B32: 12 | C32: GP-364-TG | D32: Garden Pipe Transparent Green Plain | E32: 30 Mtr | F32: 1" | G32: 2790 | H32: 3010 | I32: =IFERROR(DIVIDE(MINUS(H32,G32),G32),) -> 0.078853047
... B35: 15 | C35: GP-367-TT | D35: Garden Pipe Transparent Plain | E35: 30 Mtr | F35: 1-1/4" | G35: 4490 | H35: 4850 | I35: =IFERROR(DIVIDE(MINUS(H35,G35),G35),) -> 0.080178174
C37: Garden Pipe Heavy (Milky White / Transparent Plain)
B38: 1 | C38: GP-345-MW/H | D38: Garden Pipe Milky White Plain (HEAVY) | E38: 30 Mtr | F38: 1/2" | G38: 1620 | H38: 1750 | I38: =IFERROR(DIVIDE(MINUS(H38,G38),G38),) -> 0.080246914 | J38: 4.5 | K38: =IFERROR(G38/J38,"") -> 360
B39: 2 | C39: GP-345-TT/H | D39: Garden Pipe Transparent Plain (HEAVY) | E39: 30 Mtr | F39: 1/2" | G39: 1620 | H39: 1750 | I39: =IFERROR(DIVIDE(MINUS(H39,G39),G39),) -> 0.080246914 | J39: 4.5 | K39: =IFERROR(G39/J39,"") -> 360
B40: 3 | C40: GP-346-MW/H | D40: Garden Pipe Milky White Plain (HEAVY) | E40: 30 Mtr | F40: 3/4" | G40: 2330 | H40: 2520 | I40: =IFERROR(DIVIDE(MINUS(H40,G40),G40),) -> 0.081545064 | J40: 6.5 | K40: =IFERROR(G40/J40,"") -> 358.46154
B41: 4 | C41: GP-346-TT/H | D41: Garden Pipe Transparent Plain (HEAVY) | E41: 30 Mtr | F41: 3/4" | G41: 2330 | H41: 2520 | I41: =IFERROR(DIVIDE(MINUS(H41,G41),G41),) -> 0.081545064 | J41: 6.5 | K41: =IFERROR(G41/J41,"") -> 358.46154
B42: 5 | C42: GP-364-MW/H | D42: Garden Pipe Milky White Plain (HEAVY) | E42: 30 Mtr | F42: 1" | G42: 3049.8 | H42: 3290 | I42: =IFERROR(DIVIDE(MINUS(H42,G42),G42),) -> 0.078759263 | J42: 8.5 | K42: =IFERROR(G42/J42,"") -> 358.8
B43: 6 | C43: GP-364-TT/H | D43: Garden Pipe Transparent Plain (HEAVY) | E43: 30 Mtr | F43: 1" | G43: 3049.8 | H43: 3290 | I43: =IFERROR(DIVIDE(MINUS(H43,G43),G43),) -> 0.078759263 | J43: 8.5 | K43: =IFERROR(G43/J43,"") -> 358.8
C45: Braided Pipe (Colour)
B46: 1 | C46: BR-345-TG | D46: Braided Pipe - Green | E46: 30 Mtr | F46: 1/2" | G46: 1590 | H46: 1720 | I46: =IFERROR(DIVIDE(MINUS(H46,G46),G46),) -> 0.081761006 | J46: 4 | K46: =IFERROR(H46/J46,"") -> 430
B47: 2 | C47: BR-346-TG | D47: Braided Pipe - Green | E47: 30 Mtr | F47: 3/4" | G47: 2240 | H47: 2420 | I47: =IFERROR(DIVIDE(MINUS(H47,G47),G47),) -> 0.080357143 | J47: 5.75 | K47: =IFERROR(H47/J47,"") -> 420.86957
B48: 3 | C48: BR-364-TG | D48: Braided Pipe - Green | E48: 30 Mtr | F48: 1" | G48: 3039.6 | H48: 3280 | I48: =IFERROR(DIVIDE(MINUS(H48,G48),G48),) -> 0.079089354 | J48: 7.8 | K48: =IFERROR(H48/J48,"") -> 420.51282
C50: Braided Pipe (Heavy)
B51: 1 | C51: BR-345-BY | D51: Braided Pipe - Yellow (Heavy) | E51: 30 Mtr | F51: 1/2" | G51: 2410 | H51: 2590 | I51: =IFERROR(DIVIDE(MINUS(H51,G51),G51),) -> 0.074688797 | J51: 5.4 | K51: =IFERROR(H51/J51,"") -> 479.62963
B52: 2 | C52: BR-346-BY | D52: Braided Pipe - Yellow (Heavy) | E52: 30 Mtr | F52: 3/4" | G52: 3350 | H52: 3620 | I52: =IFERROR(DIVIDE(MINUS(H52,G52),G52),) -> 0.080597015 | J52: 7.5 | K52: =IFERROR(H52/J52,"") -> 482.66667
B53: 3 | C53: BR-364-BY | D53: Braided Pipe - Yellow (Heavy) | E53: 30 Mtr | F53: 1" | G53: 4270 | H53: 4610 | I53: =IFERROR(DIVIDE(MINUS(H53,G53),G53),) -> 0.079625293 | J53: 9.5 | K53: =IFERROR(H53/J53,"") -> 485.26316
C55: Braided Pipe (Transparent)
B56: 1 | C56: BR-345-TT | D56: Braided Pipe - Transparent | E56: 30 Mtr | F56: 1/2" | G56: 2019.6 | H56: 2180 | I56: =IFERROR(DIVIDE(MINUS(H56,G56),G56),) -> 0.079421668 | J56: 4.7 | K56: =IFERROR(H56/J56,"") -> 463.82979
B57: 2 | C57: BR-346-TT | D57: Braided Pipe - Transparent | E57: 30 Mtr | F57: 3/4" | G57: 2840 | H57: 3060 | I57: =IFERROR(DIVIDE(MINUS(H57,G57),G57),) -> 0.077464789 | J57: 6.7 | K57: =IFERROR(H57/J57,"") -> 456.71642
B58: 3 | C58: BR-364-TT | D58: Braided Pipe - Transparent | E58: 30 Mtr | F58: 1" | G58: 3549.6 | H58: 3840 | I58: =IFERROR(DIVIDE(MINUS(H58,G58),G58),) -> 0.081812035 | J58: 8.5 | K58: =IFERROR(H58/J58,"") -> 451.76471

Sheet PACKING
A1: Cat No. | B1: Name | C1: New Master Box | D1: Master Box Packing
A2: Novo Series (Bath Fittings & Mixers)
A3: 123-NN | B3: Bib Cock Fancy 15mm (Foam Flow) with Flange | C3: 54 | D3: 216
A4: 124-N | B4: Bib Cock Long Body 15mm (Foam Flow) with Flange | C4: 33 | D4: 132
A5: 127-N | B5: Bib Cock Nozzle with Flange | C5: 33 | D5: 132
A6: 129-N | B6: 2 Way Bib Cock Foam Flow with Flange | C6: 28 | D6: 112
A7: 130-N | B7: Pillar Cock Foam Flow with Flange | C7: 30 | D7: 120
A8: 132-N | B8: Sink Cock (W/M) Foam Flow with Flange | C8: 13 | D8: 52
A9: 1322-N | B9: Sink Cock Swan Neck (W/M) Small Spout Foam Flow with Flange | C9: 30 | D9: 120
A10: 133-N | B10: Sink Cock Swan Neck (T/M) Long Spout Foam Flow with Flange | C10: 13 | D10: 52
A11: 134-N | B11: Sink Mixer Foam Flow with Flange | C11: 13 | D11: 52
A12: 135-N | B12: Wall Mixer Foam Flow with Flange | C12: 13 | D12: 52
A13: 1375-N | B13: Wall Mixer L Bend Foam Flow with Flange | C13: 6 | D13: 24
A14: 144-N | B14: Angle Cock with Flange | C14: 66 | D14: 198
... A16: 147-N | B16: Pillar Cock Swan Neck Square Spout Foam Flow with Flange | C16: 30 | D16: 120
A18: Novo Royal Series (Bath Fittings & Mixers)
A19: 123-NNR | B19: Bib Cock Foam Flow with Flange | C19: 54 | D19: 216
A20: 124-NR | B20: Long Body Bib Cock Foam Flow with Flange | C20: 33 | D20: 132
A21: 127-NR | B21: Bib Cock Nozzle with Flange | C21: 33 | D21: 132
A22: 129-NR | B22: 2 Way Bib Cock Foam Flow with Flange | C22: 28 | D22: 112
A23: 130-NR | B23: Pillar Cock Foam Flow with Flange | C23: 30 | D23: 120
A24: 132-NR | B24: Sink Cock (W/M) Foam Flow with Flange | C24: 13 | D24: 52
A25: 1322-NR | B25: Sink Cock Swan Neck Small Spout Foam Flow With Flange | C25: 30 | D25: 120
A26: 133-NR | B26: Sink Cock Swan Neck (T/M) Square Spout Foam Flow with Flange | C26: 13 | D26: 52
A27: 134-NR | B27: Sink Mixer Foam Flow with Flange | C27: 13 | D27: 52
A28: 135-NR | B28: Wall Mixer Foam Flow with Flange | C28: 13 | D28: 52
A29: 1375-NR | B29: Wall Mixer L Bend Foam Flow With Flange | C29: 6 | D29: 24
A30: 144-NR | B30: Angle Cock with Flange | C30: 66 | D30: 198
... A32: 147-NR | B32: Sink Cock Swan Neck (T/M) Square Spout Foam Flow with Flange | C32: 30 | D32: 120
A34: Novo Gold Series (Bath Fittings & Mixers)
A35: 123-NNG | B35: Bib Cock Foam Flow with Flange | C35: 54 | D35: 216
A36: 124-NG | B36: Long Body Bib Cock Foam Flow with Flange | C36: 33 | D36: 132
A37: 127-NG | B37: Bib Cock Nozzle with Flange | C37: 33 | D37: 132
A38: 129-NG | B38: 2 Way Bib Cock Foam Flow with Flange | C38: 28 | D38: 112
A39: 130-NG | B39: Pillar Cock Foam Flow with Flange | C39: 30 | D39: 120
A40: 132-NG | B40: Sink Cock (W/M) Foam Flow with Flange | C40: 13 | D40: 52
A41: 1322-NG | B41: Sink Cock Swan Neck Small Spout Foam Flow With Flange | C41: 30 | D41: 120
A42: 133-NG | B42: Sink Cock Swan Neck (T/M) Square Spout Foam Flow with Flange | C42: 13 | D42: 52
A43: 134-NG | B43: Sink Mixer Foam Flow with Flange | C43: 13 | D43: 52
A44: 135-NG | B44: Wall Mixer Foam Flow with Flange | C44: 13 | D44: 52
A45: 1375-NG | B45: Wall Mixer L Bend Foam Flow With Flange | C45: 6 | D45: 24
A46: 144-NG | B46: Angle Cock with Flange | C46: 66 | D46: 198
... A48: 147-NG | B48: Sink Cock Swan Neck (T/M) Square Spout Foam Flow with Flange | C48: 30 | D48: 120
A50: Novo Wine Series (Bath Fittings & Mixers)
A51: 123-NNW | B51: Bib Cock Foam Flow with Flange | C51: 54 | D51: 216
A52: 124-NW | B52: Long Body Bib Cock Foam Flow with Flange | C52: 33 | D52: 132
A53: 127-NW | B53: Bib Cock Nozzle with Flange | C53: 33 | D53: 132
A54: 129-NW | B54: 2 Way Bib Cock Foam Flow with Flange | C54: 28 | D54: 112
A55: 130-NW | B55: Pillar Cock Foam Flow with Flange | C55: 30 | D55: 120
A56: 132-NW | B56: Sink Cock (W/M) Foam Flow with Flange | C56: 13 | D56: 52
A57: 1322-NW | B57: Sink Cock Swan Neck Small Spout Foam Flow With Flange | C57: 30 | D57: 120
A58: 133-NW | B58: Sink Cock Swan Neck (T/M) Square Spout Foam Flow with Flange | C58: 13 | D58: 52
A59: 134-NW | B59: Sink Mixer Foam Flow with Flange | C59: 13 | D59: 52
A60: 135-NW | B60: Wall Mixer Foam Flow with Flange | C60: 13 | D60: 52
A61: 1375-NW | B61: Wall Mixer L Bend Foam Flow With Flange | C61: 6 | D61: 24
A62: 144-NW | B62: Angle Cock with Flange | C62: 66 | D62: 198
... A64: 147-NW | B64: Sink Cock Swan Neck (T/M) Square Spout Foam Flow with Flange | C64: 30 | D64: 120
A66: Novo Dark Blue Series (Bath Fittings & Mixers)
A67: 123-NNB | B67: Bib Cock Foam Flow with Flange | C67: 54 | D67: 216
A68: 124-NB | B68: Long Body Bib Cock Foam Flow with Flange | C68: 33 | D68: 132
A69: 127-NB | B69: Bib Cock Nozzle with Flange | C69: 33 | D69: 132
A70: 129-NB | B70: 2 Way Bib Cock Foam Flow with Flange | C70: 28 | D70: 112
A71: 130-NB | B71: Pillar Cock Foam Flow with Flange | C71: 30 | D71: 120
A72: 132-NB | B72: Sink Cock (W/M) Foam Flow with Flange | C72: 13 | D72: 52
A73: 1322-NB | B73: Sink Cock Swan Neck Small Spout Foam Flow With Flange | C73: 30 | D73: 120
A74: 133-NB | B74: Sink Cock Swan Neck (T/M) Square Spout Foam Flow with Flange | C74: 13 | D74: 52
A75: 134-NB | B75: Sink Mixer Foam Flow with Flange | C75: 13 | D75: 52
A76: 135-NB | B76: Wall Mixer Foam Flow with Flange | C76: 13 | D76: 52
A77: 1375-NB | B77: Wall Mixer L Bend Foam Flow With Flange | C77: 6 | D77: 24
A78: 144-NB | B78: Angle Cock with Flange | C78: 66 | D78: 198
... A80: 147-NB | B80: Sink Cock Swan Neck (T/M) Square Spout Foam Flow with Flange | C80: 30 | D80: 120
A82: Novo Black Series (Bath Fittings & Mixers)
A83: 123-NNBB | B83: Bib Cock Foam Flow with Flange | C83: 54 | D83: 216
A84: 124-NBB | B84: Long Body Bib Cock Foam Flow with Flange | C84: 33 | D84: 132
A85: 127-NBB | B85: Bib Cock Nozzle with Flange | C85: 33 | D85: 132
A86: 129-NBB | B86: 2 Way Bib Cock Foam Flow with Flange | C86: 28 | D86: 112
A87: 130-NBB | B87: Pillar Cock Foam Flow with Flange | C87: 30 | D87: 120
A88: 132-NBB | B88: Sink Cock (W/M) Foam Flow with Flange | C88: 13 | D88: 52
A89: 1322-NBB | B89: Sink Cock Swan Neck Small Spout Foam Flow With Flange | C89: 30 | D89: 120
A90: 133-NBB | B90: Sink Cock Swan Neck (T/M) Square Spout Foam Flow with Flange | C90: 13 | D90: 52
A91: 134-NBB | B91: Sink Mixer Foam Flow with Flange | C91: 13 | D91: 52
A92: 135-NBB | B92: Wall Mixer Foam Flow with Flange | C92: 13 | D92: 52
A93: 1375-NBB | B93: Wall Mixer L Bend Foam Flow With Flange | C93: 6 | D93: 24
A94: 144-NBB | B94: Angle Cock with Flange | C94: 66 | D94: 198
... A96: 147-NBB | B96: Sink Cock Swan Neck (T/M) Square Spout Foam Flow with Flange | C96: 30 | D96: 120
A98: Novo Peach Series (Bath Fittings & Mixers)
A99: 123-NNP | B99: Bib Cock Foam Flow with Flange | C99: 54 | D99: 216
A100: 124-NP | B100: Long Body Bib Cock Foam Flow with Flange | C100: 33 | D100: 132
A101: 127-NP | B101: Bib Cock Nozzle with Flange | C101: 33 | D101: 132
A102: 129-NP | B102: 2 Way Bib Cock Foam Flow with Flange | C102: 28 | D102: 112
A103: 130-NP | B103: Pillar Cock Foam Flow with Flange | C103: 30 | D103: 120
A104: 132-NP | B104: Sink Cock (W/M) Foam Flow with Flange | C104: 13 | D104: 52
A105: 1322-NP | B105: Sink Cock Swan Neck Small Spout Foam Flow With Flange | C105: 30 | D105: 120
A106: 133-NP | B106: Sink Cock Swan Neck (T/M) Square Spout Foam Flow with Flange | C106: 13 | D106: 52
A107: 134-NP | B107: Sink Mixer Foam Flow with Flange | C107: 13 | D107: 52
A108: 135-NP | B108: Wall Mixer Foam Flow with Flange | C108: 13 | D108: 52
A109: 1375-NP | B109: Wall Mixer L Bend Foam Flow With Flange | C109: 6 | D109: 24
A110: 144-NP | B110: Angle Cock with Flange | C110: 66 | D110: 198
... A112: 147-NP | B112: Sink Cock Swan Neck (T/M) Square Spout Foam Flow with Flange | C112: 30 | D112: 120
A114: Ultra Series (Bath Fittings & Mixers)
...

Sheet SINK
A1: 0.02
C2: Cat No. | D2: Cat No. (Matt) | E2: NAME | F2: DIMENSION | H2: 5th Mar, 2026 | I2: MRP | K2: 01st Sep, 2026 | L2: MRP | N2: Diff. in %age
F3: OVERALL SIZE (MM) | G3: BOWL SIZE (MM) | I3: GLOSS | J3: MATT | L3: GLOSS | M3: MATT
B4: SINK ACCESSORIES | C4: SA-04 | H4: 570 | K4: 620 | N4: =IFERROR((K4-H4)/H4,"") -> 0.087719298
C5: SA-03 | H5: 530 | K5: 570 | N5: =IFERROR((K5-H5)/H5,"") -> 0.075471698
B7: 1200 SERIES 304 SUPER STEEL (1.00 MM) | C7: 1216 | D7: - | E7: SOLO REGULAR SINGLE BOWL | F7: 18X16X7 - 460X406X178 | G7: 16X14X7 - 406X354X178 | I7: 4550 | J7: - | L7: 4920 | M7: - | N7: =IFERROR((L7-I7)/I7,"") -> 0.081318681
C8: 1216-D | D8: 1216-DM | E8: SOLO REGULAR SINGLE BOWL | F8: 18X16X8 - 460X406X203 | G8: 16X14X8 - 406X354X203 | I8: 4780 | J8: 4780 | L8: 5160 | M8: 5160 | N8: =IFERROR((L8-I8)/I8,"") -> 0.079497908
C9: 1218-D | D9: 1218-DM | E9: SOLO REGULAR SINGLE BOWL | F9: 20X17X8 - 510X430X203 | G9: 17X15X8 - 430X380X203 | I9: 5030 | J9: 5030 | L9: 5430 | M9: 5430 | N9: =IFERROR((L9-I9)/I9,"") -> 0.079522863
C10: 1220-D | D10: 1220-DM | E10: SOLO REGULAR SINGLE BOWL | F10: 21X18X8 - 535X460X203 | G10: 17X15X8 - 430X380X203 | I10: 5070 | J10: 5070 | L10: 5480 | M10: 5480 | N10: =IFERROR((L10-I10)/I10,"") -> 0.08086785
C11: 1222-D | D11: 1222-DM | E11: SOLO REGULAR SINGLE BOWL | F11: 22X18X8 - 560X460X203 | G11: 20X16X8 - 510X406X203 | I11: 5030 | J11: 5030 | L11: 5430 | M11: 5430 | N11: =IFERROR((L11-I11)/I11,"") -> 0.079522863
C12: 1223-D | D12: 1223-DM | E12: SOLO REGULAR SINGLE BOWL | F12: 21X17X8 - 530X430X203 | G12: 17X15X8 - 430X380X203 | I12: 5070 | J12: 5070 | L12: 5480 | M12: 5480 | N12: =IFERROR((L12-I12)/I12,"") -> 0.08086785
C13: 1224-D | D13: 1224-DM | E13: SOLO REGULAR SINGLE BOWL | F13: 24X18X8 - 610X460X203 | G13: 22X16X8 - 560X406X203 | I13: 5420 | J13: 5420 | L13: 5860 | M13: 5860 | N13: =IFERROR((L13-I13)/I13,"") -> 0.081180812
C14: 1224-XD | D14: 1224-XDM | E14: SOLO REGULAR SINGLE BOWL | F14: 24X18X9 - 610X460X229 | G14: 22X16X9 - 560X406X229 | I14: 5630 | J14: 5630 | L14: 6080 | M14: 6080 | N14: =IFERROR((L14-I14)/I14,"") -> 0.079928952
C15: 1224-SD | D15: 1224-SDM | E15: SOLO REGULAR SINGLE BOWL | F15: 24X18X10 - 610X460X254 | G15: 22X16X10 - 560X406X254 | I15: 5450 | J15: 5450 | L15: 5890 | M15: 5890 | N15: =IFERROR((L15-I15)/I15,"") -> 0.080733945
C16: 1225-D | D16: 1225-DM | E16: SOLO REGULAR SINGLE BOWL | F16: 24X20X8 - 610X510X203 | G16: 22X16X8 - 560X406X203 | I16: 5840.1 | J16: 5840.1 | L16: 6280 | M16: 6280 | N16: =IFERROR((L16-I16)/I16,"") -> 0.075324053
C17: 1226-D | D17: 1226-DM | E17: SOLO REGULAR SINGLE BOWL | F17: 24X24X8 - 610X610X203 | G17: 22X22X8 - 560X560X203 | I17: 6380 | J17: 6380 | L17: 6890 | M17: 6890 | N17: =IFERROR((L17-I17)/I17,"") -> 0.079937304
B19: 900 SERIES 304 SUPER STEEL (0.85 MM) | C19: 911-D | D19: 911-DM | E19: SOLO REGULAR SINGLE BOWL | F19: 18X18X8 - 460X460X203 | G19: 405MM - 16 Inch | I19: 3240 | J19: 3240 | K19: 0.05 | L19: 3490 | M19: 3490 | N19: =IFERROR((L19-I19)/I19,"") -> 0.077160494
C20: 916 | D20: - | E20: SOLO REGULAR SINGLE BOWL | F20: 18X16X7 - 460X406X178 | G20: 16X14X7 - 406X354X178 | I20: 3750 | J20: - | L20: 4050 | M20: - | N20: =IFERROR((L20-I20)/I20,"") -> 0.08
C21: 916-D | D21: 916-DM | E21: SOLO REGULAR SINGLE BOWL | F21: 18X16X8 - 460X406X203 | G21: 16X14X8 - 406X354X203 | I21: 3850 | J21: 3850 | L21: 4160 | M21: 4160 | N21: =IFERROR((L21-I21)/I21,"") -> 0.080519481
C22: 918-D | D22: 918-DM | E22: SOLO REGULAR SINGLE BOWL | F22: 20X17X8 - 510X430X203 | G22: 17X15X8 - 430X380X203 | I22: 3950 | J22: 3950 | L22: 4270 | M22: 4270 | N22: =IFERROR((L22-I22)/I22,"") -> 0.081012658
C23: 920-D | D23: 920-DM | E23: SOLO REGULAR SINGLE BOWL | F23: 21X18X8 - 535X460X203 | G23: 17X15X8 - 430X380X203 | I23: 3950 | J23: 3950 | L23: 4270 | M23: 4270 | N23: =IFERROR((L23-I23)/I23,"") -> 0.081012658
C24: 922-D | D24: 922-DM | E24: SOLO REGULAR SINGLE BOWL | F24: 22X18X8 - 560X460X203 | G24: 20X16X8 - 510X406X203 | I24: 4060 | J24: 4060 | L24: 4390 | M24: 4390 | N24: =IFERROR((L24-I24)/I24,"") -> 0.081280788
C25: 923-D | D25: 923-DM | E25: SOLO REGULAR SINGLE BOWL | F25: 21X17X8 - 530X430X203 | G25: 17X15X8 - 430X380X203 | I25: 3950 | J25: 3950 | L25: 4270 | M25: 4270 | N25: =IFERROR((L25-I25)/I25,"") -> 0.081012658
C26: 924-D | D26: 924-DM | E26: SOLO REGULAR SINGLE BOWL | F26: 24X18X8 - 610X460X203 | G26: 22X16X8 - 560X406X203 | I26: 4260 | J26: 4260 | L26: 4590 | M26: 4590 | N26: =IFERROR((L26-I26)/I26,"") -> 0.077464789
C27: 924-XD | D27: 924-XDM | E27: SOLO REGULAR SINGLE BOWL | F27: 24X18X9 - 610X460X229 | G27: 22X16X9 - 560X406X229 | I27: 4449.6 | J27: 4449.6 | L27: 4810 | M27: 4810 | N27: =IFERROR((L27-I27)/I27,"") -> 0.080996045
C28: 924-SD | D28: 924-SDM | E28: SOLO REGULAR SINGLE BOWL | F28: 24X18X10 - 610X460X254 | G28: 22X16X10 - 560X406X254 | I28: 4630 | J28: 4630 | L28: 4990 | M28: 4990 | N28: =IFERROR((L28-I28)/I28,"") -> 0.07775378
C29: 925-D | D29: 925-DM | E29: SOLO REGULAR SINGLE BOWL | F29: 24X20X8 - 610X510X203 | G29: 22X16X8 - 560X406X203 | I29: 4630 | J29: 4630 | L29: 4990 | M29: 4990 | N29: =IFERROR((L29-I29)/I29,"") -> 0.07775378
C30: 926-D | D30: 926-DM | E30: SOLO REGULAR SINGLE BOWL | F30: 24X24X8 - 610X610X203 | G30: 22X22X8 - 560X560X203 | I30: 5090 | J30: 5090 | L30: 5490 | M30: 5490 | N30: =IFERROR((L30-I30)/I30,"") -> 0.078585462
B32: 800 SERIES 304 SUPER STEEL (0.75 MM) | C32: 816-D | D32: 816-DM | E32: SOLO REGULAR SINGLE BOWL | F32: 18X16X8 - 460X406X203 | G32: 16X14X8 - 406X354X203 | I32: 2490 | J32: 2490 | K32: 0.06 | L32: 2690 | M32: 2690 | N32: =IFERROR((L32-I32)/I32,"") -> 0.080321285
C33: 818-D | D33: 818-DM | E33: SOLO REGULAR SINGLE BOWL | F33: 20X17X8 - 510X430X203 | G33: 17X15X8 - 430X380X203 | I33: 2650 | J33: 2650 | L33: 2860 | M33: 2860 | N33: =IFERROR((L33-I33)/I33,"") -> 0.079245283
C34: 820-D | D34: 820-DM | E34: SOLO REGULAR SINGLE BOWL | F34: 21X18X8 - 535X460X203 | G34: 17X15X8 - 430X380X203 | I34: 2810 | J34: 2810 | L34: 2990 | M34: 2990 | N34: =IFERROR((L34-I34)/I34,"") -> 0.06405694
C35: 822-D | D35: 822-DM | E35: SOLO REGULAR SINGLE BOWL | F35: 22X18X8 - 560X460X203 | G35: 20X16X8 - 510X406X203 | I35: 2970 | J35: 2970 | L35: 3180 | M35: 3180 | N35: =IFERROR((L35-I35)/I35,"") -> 0.070707071
C36: 823-D | D36: 823-DM | E36: SOLO REGULAR SINGLE BOWL | F36: 21X17X8 - 530X430X203 | G36: 17X15X8 - 430X380X203 | I36: 2970 | J36: 2970 | L36: 3210 | M36: 3210 | N36: =IFERROR((L36-I36)/I36,"") -> 0.080808081
C37: 824-D | D37: 824-DM | E37: SOLO REGULAR SINGLE BOWL | F37: 24X18X8 - 610X460X203 | G37: 22X16X8 - 560X406X203 | I37: 3150 | J37: 3150 | L37: 3390 | M37: 3390 | N37: =IFERROR((L37-I37)/I37,"") -> 0.076190476
C38: 824-XD | D38: 824-XDM | E38: SOLO REGULAR SINGLE BOWL | F38: 24X18X9 - 610X460X229 | G38: 22X16X9 - 560X406X229 | I38: 3340 | J38: 3340 | L38: 3580 | M38: 3580 | N38: =IFERROR((L38-I38)/I38,"") -> 0.071856287
C39: 824-SD | D39: 824-SDM | E39: SOLO REGULAR SINGLE BOWL | F39: 24X18X10 - 610X460X254 | G39: 22X16X10 - 560X406X254 | I39: 3540 | J39: 3540 | L39: 3820 | M39: 3820 | N39: =IFERROR((L39-I39)/I39,"") -> 0.079096045
C40: 825-D | D40: 825-DM | E40: SOLO REGULAR SINGLE BOWL | F40: 24X20X8 - 610X510X203 | G40: 22X16X8 - 560X460X203 | I40: 3670 | J40: 3670 | L40: 3960 | M40: 3960 | N40: =IFERROR((L40-I40)/I40,"") -> 0.079019074
B42: 600 SERIES 204 SUPER STEEL (0.85 MM) | C42: 616-D | D42: 616-DM | E42: SOLO REGULAR SINGLE BOWL | F42: 18X16X8 - 460X406X203 | G42: 16X14X8 - 406X354X203 | H42: NEW | I42: 2490 | J42: 2490 | K42: Removed | L42: 2690 | M42: 2690 | N42: =IFERROR((L42-I42)/I42,"") -> 0.080321285
C43: 618-D | D43: 618-DM | E43: SOLO REGULAR SINGLE BOWL | F43: 20X17X8 - 510X430X203 | G43: 17X15X8 - 430X380X203 | H43: NEW | I43: 2650 | J43: 2650 | K43: Removed | L43: 2860 | M43: 2860 | N43: =IFERROR((L43-I43)/I43,"") -> 0.079245283
C44: 620-D | D44: 620-DM | E44: SOLO REGULAR SINGLE BOWL | F44: 21X18X8 - 535X460X203 | G44: 17X15X8 - 430X380X203 | H44: NEW | I44: 2810 | J44: 2810 | K44: Removed | L44: 3040 | M44: 3040 | N44: =IFERROR((L44-I44)/I44,"") -> 0.081850534
C45: 622-D | D45: 622-DM | E45: SOLO REGULAR SINGLE BOWL | F45: 22X18X8 - 560X460X203 | G45: 20X16X8 - 510X406X203 | H45: NEW | I45: 2970 | J45: 2970 | K45: Removed | L45: 3210 | M45: 3210 | N45: =IFERROR((L45-I45)/I45,"") -> 0.080808081
C46: 623-D | D46: 623-DM | E46: SOLO REGULAR SINGLE BOWL | F46: 21X17X8 - 530X430X203 | G46: 17X15X8 - 430X380X203 | H46: NEW | I46: 2970 | J46: 2970 | K46: Removed | L46: 3210 | M46: 3210 | N46: =IFERROR((L46-I46)/I46,"") -> 0.080808081
C47: 624-D | D47: 624-DM | E47: SOLO REGULAR SINGLE BOWL | F47: 24X18X8 - 610X460X203 | G47: 22X16X8 - 560X406X203 | H47: NEW | I47: 3130 | J47: 3130 | K47: Removed | L47: 3380 | M47: 3380 | N47: =IFERROR((L47-I47)/I47,"") -> 0.079872204
C48: 624-XD | D48: 624-XDM | E48: SOLO REGULAR SINGLE BOWL | F48: 24X18X9 - 610X460X229 | G48: 22X16X9 - 560X406X229 | H48: NEW | I48: 3320 | J48: 3320 | K48: Removed | L48: 3590 | M48: 3590 | N48: =IFERROR((L48-I48)/I48,"") -> 0.081325301
C49: 624-SD | D49: 624-SDM | E49: SOLO REGULAR SINGLE BOWL | F49: 24X18X10 - 610X460X254 | G49: 22X16X10 - 560X406X254 | H49: NEW | I49: 3540 | J49: 3540 | K49: Removed | L49: 3820 | M49: 3820 | N49: =IFERROR((L49-I49)/I49,"") -> 0.079096045
C50: 625-D | D50: 625-DM | E50: SOLO REGULAR SINGLE BOWL | F50: 24X20X8 - 610X510X203 | G50: 22X16X8 - 560X460X203 | H50: NEW | I50: 3650 | J50: 3650 | K50: Removed | L50: 3940 | M50: 3940 | N50: =IFERROR((L50-I50)/I50,"") -> 0.079452055
B52: 1200 SERIES 304 SUPER STEEL (1.00 MM) | C52: 1230-D | D52: 1230-DM | E52: SOLO SINGLE BOWL DRAIN BOARD | F52: 32X20X8 - 810X510X203 | G52: 16X14X8 - 405X354X203 | I52: 7990 | J52: 7990 | K52: 0 | L52: 8630 | M52: 8630 | N52: =IFERROR((L52-I52)/I52,"") -> 0.080100125
C53: 1239-D | D53: 1239-DM | E53: SOLO SINGLE BOWL DRAIN BOARD | F53: 36X18X8 - 914X460X203 | G53: 16X14X8 - 405X354X203 | I53: 8990 | J53: 8990 | L53: 9680 | M53: 9680 | N53: =IFERROR((L53-I53)/I53,"") -> 0.076751947
C54: 1240-D | D54: 1240-DM | E54: SOLO SINGLE BOWL DRAIN BOARD | F54: 37X18X8 - 940X460X203 | G54: 16X14X8 - 405X354X203 | I54: 9110 | J54: 9110 | L54: 9840 | M54: 9840 | N54: =IFERROR((L54-I54)/I54,"") -> 0.080131723
C55: 1244-D | D55: 1244-DM | E55: SOLO SINGLE BOWL DRAIN BOARD | F55: 41X20X8 - 1040X510X203 | G55: 20X16X8 - 510X406X203 | I55: 9930 | J55: 9930 | L55: 10720 | M55: 10720 | N55: =IFERROR((L55-I55)/I55,"") -> 0.079556898
C56: 1252-D | D56: 1252-DM | E56: SOLO SINGLE BOWL DRAIN BOARD | F56: 45X20X8 - 1143X510X203 | G56: 20X16X8 - 510X406X203 | I56: 10260 | J56: 10260 | L56: 11080 | M56: 11080 | N56: =IFERROR((L56-I56)/I56,"") -> 0.079922027
B58: 900 SERIES 304 SUPER STEEL (0.85 MM) | C58: 930-D | D58: 930-DM | E58: SOLO SINGLE BOWL DRAIN BOARD | F58: 32X20X8 - 810X510X203 | G58: 16X14X8 - 406X354X203 | I58: 6890 | J58: 6890 | K58: 0.05 | L58: 7440 | M58: 7440 | N58: =IFERROR((L58-I58)/I58,"") -> 0.079825835
C59: 939-D | D59: 939-DM | E59: SOLO SINGLE BOWL DRAIN BOARD | F59: 36X18X8 - 914X460X203 | G59: 16X14X8 - 406X354X203 | I59: 7070 | J59: 7070 | L59: 7640 | M59: 7640 | N59: =IFERROR((L59-I59)/I59,"") -> 0.080622348
C60: 940-D | D60: 940-DM | E60: SOLO SINGLE BOWL DRAIN BOARD | F60: 37X18X8 - 940X460X203 | G60: 16X14X18 - 406X354X203 | I60: 7150 | J60: 7150 | L60: 7720 | M60: 7720 | N60: =IFERROR((L60-I60)/I60,"") -> 0.07972028
C61: 944-D | D61: 944-DM | E61: SOLO SINGLE BOWL DRAIN BOARD | F61: 41X20X8 - 1040X510X203 | G61: 20X16X18 - 510X406X203 | I61: 8730 | J61: 8730 | L61: 9430 | M61: 9430 | N61: =IFERROR((L61-I61)/I61,"") -> 0.080183276
C62: 952-D | D62: 952-DM | E62: SOLO SINGLE BOWL DRAIN BOARD | F62: 45X20X8 - 1143X510X203 | G62: 20X16X8 - 510X406X203 | I62: 8410 | J62: 8410 | L62: 9080 | M62: 9080 | N62: =IFERROR((L62-I62)/I62,"") -> 0.079667063
B64: 1200 SERIES 304 SUPER STEEL (1.00 MM) | C64: 1232-D | D64: 1232-DM | E64: DUET REGULAR DOUBLE BOWL | F64: 32X20X8 - 810X510X203 | G64: 16X14X8 - 406X354X203 | I64: 10790 | J64: 10790 | K64: 0.05 | L64: 11650 | M64: 11650 | N64: =IFERROR((L64-I64)/I64,"") -> 0.079703429
C65: 1242-D | D65: 1242-DM | E65: DUET REGULAR DOUBLE BOWL | F65: 37X18X8 - 940X460X203 | G65: 14X16X8 - 354X406X203 | I65: 10690 | J65: 10690 | L65: 11550 | M65: 11550 | N65: =IFERROR((L65-I65)/I65,"") -> 0.080449018
C66: 1250-D | D66: 1250-DM | E66: DUET REGULAR DOUBLE BOWL | F66: 45X20X8 - 1143X510X208 | G66: 20X16X8 - 510X406X203 | I66: 13370 | J66: 13370 | L66: 14440 | M66: 14440 | N66: =IFERROR((L66-I66)/I66,"") -> 0.080029918
C67: 1250-XD | D67: 1250-XDM | E67: DUET REGULAR DOUBLE BOWL | F67: 45X20X9 - 1143X510X229 | G67: 20X16X9 - 510X406X229 | I67: 13640 | J67: 13640 | L67: 14730 | M67: 14730 | N67: =IFERROR((L67-I67)/I67,"") -> 0.079912023
C68: 1250-SD | D68: 1250-SDM | E68: DUET REGULAR DOUBLE BOWL | F68: 45X20X10 - 1143X510X254 | G68: 20X16X10 - 510X406X254 | I68: 13840 | J68: 13840 | L68: 14950 | M68: 14950 | N68: =IFERROR((L68-I68)/I68,"") -> 0.080202312
B70: 900 SERIES 304 SUPER STEEL (0.85 MM) | C70: 932-D | D70: 932-DM | E70: DUET REGULAR DOUBLE BOWL | F70: 32X20X8 - 810X510X203 | G70: 16X14X8 - 406X354X203 | I70: 9190 | J70: 9190 | K70: 0.05 | L70: 9930 | M70: 9930 | N70: =IFERROR((L70-I70)/I70,"") -> 0.080522307
C71: 942-D | D71: 942-DM | E71: DUET REGULAR DOUBLE BOWL | F71: 37X18X8 - 940X460X203 | G71: 14X16X8 - 354X406X203 | I71: 8640 | J71: 8640 | L71: 9330 | M71: 9330 | N71: =IFERROR((L71-I71)/I71,"") -> 0.079861111
C72: 950-D | D72: 950-DM | E72: DUET REGULAR DOUBLE BOWL | F72: 45X20X8 - 1143X510X208 | G72: 20X16X8 - 510X406X203 | I72: 10280 | J72: 10280 | L72: 10960 | M72: 10960 | N72: =IFERROR((L72-I72)/I72,"") -> 0.06614786
C73: 950-XD | D73: 950-XDM | E73: DUET REGULAR DOUBLE BOWL | F73: 45X20X9 - 1143X510X229 | G73: 20X16X9 - 510X406X229 | I73: 10990 | J73: 10990 | L73: 11870 | M73: 11870 | N73: =IFERROR((L73-I73)/I73,"") -> 0.080072793
C74: 950-SD | D74: 950-SDM | E74: DUET REGULAR DOUBLE BOWL | F74: 45X20X10 - 1143X510X254 | G74: 20X10X10 - 510X254X254 | I74: 11310 | J74: 11310 | L74: 12220 | M74: 12220 | N74: =IFERROR((L74-I74)/I74,"") -> 0.08045977
B76: 800 SERIES 304 SUPER STEEL (0.75) | C76: 842-D | D76: 842-DM | E76: DUET REGULAR DOUBLE BOWL | F76: 37X18X8 - 940X460X203 | G76: 14X16X8 - 354X406X203 | I76: 7380 | J76: 7380 | K76: 0.06 | L76: 7970 | M76: 7970 | N76: =IFERROR((L76-I76)/I76,"") -> 0.079945799
C77: 850-D | D77: 850-DM | E77: DUET REGULAR DOUBLE BOWL | F77: 45X20X8 - 1143X510X203 | G77: 20X16X8 - 510X406X203 | I77: 8820 | J77: 8820 | L77: 9530 | M77: 9530 | N77: =IFERROR((L77-I77)/I77,"") -> 0.080498866
C78: 850-XD | D78: 850-XDM | E78: DUET REGULAR DOUBLE BOWL | F78: 45X20X9 - 1143X510X229 | G78: 20X16X9 - 510X406X229 | I78: 9160 | J78: 9160 | L78: 9890 | M78: 9890 | N78: =IFERROR((L78-I78)/I78,"") -> 0.079694323
B80: 600 SERIES 204 SUPER STEEL (0.85) | C80: 642-D | D80: 642-DM | E80: DUET REGULAR DOUBLE BOWL | F80: 37X18X8 - 940X460X203 | G80: 14X16X8 - 354X406X203 | H80: NEW | I80: 7370 | J80: 7370 | L80: 7960 | M80: 7960 | N80: =IFERROR((L80-I80)/I80,"") -> 0.080054274
C81: 650-D | D81: 650-DM | E81: DUET REGULAR DOUBLE BOWL | F81: 45X20X8 - 1143X510X203 | G81: 20X16X8 - 510X406X203 | H81: NEW | I81: 8820 | J81: 8820 | L81: 9530 | M81: 9530 | N81: =IFERROR((L81-I81)/I81,"") -> 0.080498866
C82: 650-XD | D82: 650-XDM | E82: DUET REGULAR DOUBLE BOWL | F82: 45X20X9 - 1143X510X229 | G82: 20X16X9 - 510X406X229 | H82: NEW | I82: 8850 | J82: 8850 | L82: 9560 | M82: 9560 | N82: =IFERROR((L82-I82)/I82,"") -> 0.080225989
B84: 204 SUPER STEEL (0.85 MM) | C84: P-310 | E84: STAINLESS STEEL KITCHEN PLATE RACK | F84: 24X24X10 - 610X610X254 | H84: 6140 | K84: 6390 | N84: =IFERROR((K84-H84)/H84,"") -> 0.040716612
C85: P-330 | E85: STAINLESS STEEL KITCHEN PLATE RACK | F85: 24X30X10 - 610X760X254 | H85: 7170 | K85: 7460 | N85: =IFERROR((K85-H85)/H85,"") -> 0.040446304
C86: P-336 | E86: STAINLESS STEEL KITCHEN PLATE RACK | F86: 24X36X10 - 610X914X254 | H86: 8120 | K86: 8450 | N86: =IFERROR((K86-H86)/H86,"") -> 0.040640394
C87: P-340 | E87: STAINLESS STEEL KITCHEN PLATE RACK | F87: 31X24X10 - 786X610X254 | H87: 7510 | K87: 7810 | N87: =IFERROR((K87-H87)/H87,"") -> 0.039946738
C88: P-346 | E88: STAINLESS STEEL KITCHEN PLATE RACK | F88: 31X30X10 - 786X760X254 | H88: 8120 | K88: 8450 | N88: =IFERROR((K88-H88)/H88,"") -> 0.040640394
C89: P-348 | E89: STAINLESS STEEL KITCHEN PLATE RACK | F89: 31X36X10 - 786X914X254 | H89: 8950 | K89: 9310 | N89: =IFERROR((K89-H89)/H89,"") -> 0.040223464
C90: P-350 | E90: STAINLESS STEEL KITCHEN PLATE RACK | F90: 36X36X10 - 914X914X254 | H90: 10140 | K90: 10550 | N90: =IFERROR((K90-H90)/H90,"") -> 0.040433925
B92: 204 SUPER STEEL (0.65 MM) | C92: P-410 | E92: STAINLESS STEEL KITCHEN PLATE RACK | F92: 24X24X10 - 610X610X254 | H92: 5090 | K92: 5290 | N92: =IFERROR((K92-H92)/H92,"") -> 0.039292731
C93: P-430 | E93: STAINLESS STEEL KITCHEN PLATE RACK | F93: 24X30X10 - 610X760X254 | H93: 6070 | K93: 6310 | N93: =IFERROR((K93-H93)/H93,"") -> 0.039538715
C94: P-436 | E94: STAINLESS STEEL KITCHEN PLATE RACK | F94: 24X36X10 - 610X914X254 | H94: 7150 | K94: 7440 | N94: =IFERROR((K94-H94)/H94,"") -> 0.040559441
C95: P-440 | E95: STAINLESS STEEL KITCHEN PLATE RACK | F95: 31X24X10 - 786X610X254 | H95: 6120 | K95: 6370 | N95: =IFERROR((K95-H95)/H95,"") -> 0.040849673
C96: P-446 | E96: STAINLESS STEEL KITCHEN PLATE RACK | F96: 31X30X10 - 786X760X254 | H96: 7580 | K96: 7890 | N96: =IFERROR((K96-H96)/H96,"") -> 0.040897098
C97: P-448 | E97: STAINLESS STEEL KITCHEN PLATE RACK | F97: 31X36X10 - 786X914X254 | H97: 8090 | K97: 8410 | N97: =IFERROR((K97-H97)/H97,"") -> 0.039555006
C98: P-450 | E98: STAINLESS STEEL KITCHEN PLATE RACK | F98: 36X36X10 - 914X914X254 | H98: 8990 | K98: 9350 | N98: =IFERROR((K98-H98)/H98,"") -> 0.040044494
B100: 204 SUPER STEEL (0.85 MM) | C100: H817-D | E100: HAND MADE SINGLE BOWL | F100: 16X18X9 - 406X460X229 | G100: 14X16X9 - 355X406X229 | H100: 5290 | K100: 5710 | N100: =IFERROR((K100-H100)/H100,"") -> 0.079395085
C101: H826-D | E101: HAND MADE SINGLE BOWL | F101: 21X18X9 - 535X460X229 | G101: 18X16X9 - 460X406X229 | H101: 5440 | K101: 5880 | N101: =IFERROR((K101-H101)/H101,"") -> 0.080882353
C102: H821-D | E102: HAND MADE SINGLE BOWL | F102: 24X18X9 - 610X460X229 | G102: 22X16X9 - 550X406X229 | H102: 6169.7 | K102: 6660 | N102: =IFERROR((K102-H102)/H102,"") -> 0.079469018
B104: 304 SUPER STEEL (0.85 MM) | C104: H817-DD | E104: HAND MADE SINGLE BOWL | F104: 16X18X9 - 406X460X229 | G104: 14X16X9 - 355X406X229 | H104: 6169.7 | K104: 6660 | N104: =IFERROR((K104-H104)/H104,"") -> 0.079469018
C105: H826-DD | E105: HAND MADE SINGLE BOWL | F105: 21X18X9 - 535X460X229 | G105: 18X16X9 - 460X406X229 | H105: 6430 | K105: 6940 | N105: =IFERROR((K105-H105)/H105,"") -> 0.079315708
C106: H821-DD | E106: HAND MADE SINGLE BOWL | F106: 24X18X9 - 610X460X229 | G106: 22X16X9 - 550X406X229 | H106: 7350 | K106: 7940 | N106: =IFERROR((K106-H106)/H106,"") -> 0.080272109
B108: 204 SUPER STEEL (0.85 MM) | C108: H841-D | E108: HAND MADE SINGLE BOWL WITH DRAIN BOARD | F108: 37X18X9 - 940X460X229 | G108: 14X16X9 - 355X406X229 | H108: 10030 | K108: 10830 | N108: =IFERROR((K108-H108)/H108,"") -> 0.079760718
B110: 304 SUPER STEEL (0.85 MM) | C110: H841-DD | E110: HAND MADE SINGLE BOWL WITH DRAIN BOARD | F110: 37X18X9 - 940X460X229 | G110: 14X16X9 - 355X406X229 | H110: 10960 | K110: 11840 | N110: =IFERROR((K110-H110)/H110,"") -> 0.080291971
B112: 204 SUPER STEEL (0.85 MM) | C112: H843-D | E112: HAND MADE DOUBLE BOWL | F112: 37X18X9 - 940X460X229 | G112: 17X16X9 - 432X406X229 | H112: 11270 | K112: 12170 | N112: =IFERROR((K112-H112)/H112,"") -> 0.07985803
C113: H852-D | E113: HAND MADE DOUBLE BOWL | F113: 45X20X9 - 1142X508X229 | G113: 21X18X9 - 533X460X229 | H113: 13350 | K113: 14420 | N113: =IFERROR((K113-H113)/H113,"") -> 0.080149813
B115: 304 SUPER STEEL (0.85 MM) | C115: H843-DD | E115: HAND MADE DOUBLE BOWL | F115: 37X18X9 - 940X460X229 | G115: 17X16X9 - 432X406X229 | H115: 13350 | K115: 14420 | N115: =IFERROR((K115-H115)/H115,"") -> 0.080149813
C116: H852-DD | E116: HAND MADE DOUBLE BOWL | F116: 45X20X9 - 1142X508X229 | G116: 21X18X9 - 533X460X229 | H116: 15720 | K116: 16980 | N116: =IFERROR((K116-H116)/H116,"") -> 0.080152672
C119: FT-20 | E119: Cockroach Trap - Round (DIA 101mm) | H119: 414.06 | K119: 438 | N119: =IFERROR((K119-H119)/H119,"") -> 0.057817708
C120: FT-20 M | E120: Cockroach Trap - Round (DIA 101mm) | H120: 414.06 | K120: 438 | N120: =IFERROR((K120-H120)/H120,"") -> 0.057817708
...
